Workbook

Sheet BETA
A1: Date | B1: Sensex closing px | C1: Axis Bank | D1: ICICI Bank | E1: IDFC Bank | F1: AU small finance Bank | G1: SBI Bank | H1: Bank of Baroda | I1: Sensex daily returns | J1: axis daily returns | K1: icici daily returns | L1: idfc daily returns | M1: au daily returns | N1: sbi daily retuns | O1: bob daily returns | P1: Sensex Log return | Q1: Axis Bank Log returns | R1: ICICI Bank Log returns | S1: IDFC Bank Log returns | T1: AU small finance Log returns | U1: SBI Log retuns | V1: Bank of Baroda Log returns
A2: 45748 | B2: 76024.51 | C2: 1085.6 | D2: 1318.45 | E2: 57.17 | F2: 529.9 | G2: 771.7 | H2: 228.58 | I2: =(B3/B2)-1 -> 0.01828897 | J2: =(C3/C2)-1 -> 0.015106853 | K2: =(D3/D2)-1 -> 0.022678145 | L2: =(E3/E2)-1 -> -0.038656638 | M2: =(F3/F2)-1 -> 0.008869598 | N2: =(G3/G2)-1 -> -0.00025916807 | O2: =(H3/H2)-1 -> -0.0002187418 | X2: Calculation of beta
A3: 45744 | B3: 77414.92 | C3: 1102 | D3: 1348.35 | E3: 54.96 | F3: 534.6 | G3: 771.5 | H3: 228.53 | I3: =(B4/B3)-1 -> 0.0024738125 | J3: =(C4/C3)-1 -> -0.0033121597 | K3: =(D4/D3)-1 -> -0.0086772722 | L3: =(E4/E3)-1 -> 0.036026201 | M3: =(F4/F3)-1 -> 0.037037037 | N3: =(G4/G3)-1 -> 0.001036941 | O3: =(H4/H3)-1 -> 0.010720693 | P3: =LN(B3/B2) -> 0.018123739 | Q3: =LN(C3/C2) -> 0.014993881 | R3: =LN(D3/D2) -> 0.022424818 | S3: =LN(E3/E2) -> -0.039423637 | T3: =LN(F3/F2) -> 0.0088304942 | U3: =LN(G3/G2) -> -0.00025920166 | V3: =LN(H3/H2) -> -0.00021876572 | X3: Overall (Slope formula)
A4: 45743 | B4: 77606.43 | C4: 1098.35 | D4: 1336.65 | E4: 56.94 | F4: 554.4 | G4: 772.3 | H4: 230.98 | I4: =(B5/B4)-1 -> -0.0040966966 | J4: =(C5/C4)-1 -> -0.0019119588 | K4: =(D5/D4)-1 -> -0.00056110425 | L4: =(E5/E4)-1 -> 0.0010537408 | M4: =(F5/F4)-1 -> 0.034902597 | N4: =(G5/G4)-1 -> -0.010747119 | O4: =(H5/H4)-1 -> -0.046064594 | P4: =LN(B4/B3) -> 0.0024707577 | Q4: =LN(C4/C3) -> -0.0033176571 | R4: =LN(D4/D3) -> -0.008715139 | S4: =LN(E4/E3) -> 0.035392434 | T4: =LN(F4/F3) -> 0.036367644 | U4: =LN(G4/G3) -> 0.0010364038 | V4: =LN(H4/H3) -> 0.010663634 | X4: Bank Name | Y4: Index | Z4: Beta
A5: 45742 | B5: 77288.5 | C5: 1096.25 | D5: 1335.9 | E5: 57 | F5: 573.75 | G5: 764 | H5: 220.34 | I5: =(B6/B5)-1 -> 0.0094281814 | J5: =(C6/C5)-1 -> 0.020342075 | K5: =(D6/D5)-1 -> 0.0058387604 | L5: =(E6/E5)-1 -> 0.0061403509 | M5: =(F6/F5)-1 -> -0.027625272 | N5: =(G6/G5)-1 -> 0.01158377 | O5: =(H6/H5)-1 -> 0.012389943 | P5: =LN(B5/B4) -> -0.0041051111 | Q5: =LN(C5/C4) -> -0.001913789 | R5: =LN(D5/D4) -> -0.00056126173 | S5: =LN(E5/E4) -> 0.001053186 | T5: =LN(F5/F4) -> 0.034307313 | U5: =LN(G5/G4) -> -0.010805286 | V5: =LN(H5/H4) -> -0.047159319 | X5: Axis Bank | Y5: Sensex | Z5: =SLOPE(Q3:Q1924,P3:P1924) -> 1.3492188
A6: 45741 | B6: 78017.19 | C6: 1118.55 | D6: 1343.7 | E6: 57.35 | F6: 557.9 | G6: 772.85 | H6: 223.07 | I6: =(B7/B6)-1 -> -0.00042054834 | J6: =(C7/C6)-1 -> -0.018506102 | K6: =(D7/D6)-1 -> 0.010753889 | L6: =(E7/E6)-1 -> 0.0094158675 | M6: =(F7/F6)-1 -> -0.014070622 | N6: =(G7/G6)-1 -> 0.010286602 | O6: =(H7/H6)-1 -> 0.0062760568 | P6: =LN(B6/B5) -> 0.0093840135 | Q6: =LN(C6/C5) -> 0.020137939 | R6: =LN(D6/D5) -> 0.0058217809 | S6: =LN(E6/E5) -> 0.0061215757 | T6: =LN(F6/F5) -> -0.028014027 | U6: =LN(G6/G5) -> 0.011517191 | V6: =LN(H6/H5) -> 0.012313816 | X6: ICICI Bank | Y6: Sensex | Z6: =SLOPE(R3:R1924,P3:P1924) -> 1.3091284
A7: 45740 | B7: 77984.38 | C7: 1097.85 | D7: 1358.15 | E7: 57.89 | F7: 550.05 | G7: 780.8 | H7: 224.47 | I7: =(B8/B7)-1 -> -0.013834437 | J7: =(C8/C7)-1 -> -0.025231134 | K7: =(D8/D7)-1 -> -0.01108125 | L7: =(E8/E7)-1 -> -0.027638625 | M7: =(F8/F7)-1 -> -0.01318062 | N7: =(G8/G7)-1 -> -0.035348361 | O7: =(H8/H7)-1 -> -0.034614871 | P7: =LN(B7/B6) -> -0.0004206368 | Q7: =LN(C7/C6) -> -0.018679482 | R7: =LN(D7/D6) -> 0.010696477 | S7: =LN(E7/E6) -> 0.0093718145 | T7: =LN(F7/F6) -> -0.014170552 | U7: =LN(G7/G6) -> 0.010234055 | V7: =LN(H7/H6) -> 0.0062564444 | X7: IDFC Bank | Y7: Sensex | Z7: =SLOPE(S3:S1924,P3:P1924) -> 1.2319305
A8: 45737 | B8: 76905.51 | C8: 1070.15 | D8: 1343.1 | E8: 56.29 | F8: 542.8 | G8: 753.2 | H8: 216.7 | I8: =(B9/B8)-1 -> -0.0072485053 | J8: =(C9/C8)-1 -> -0.014764285 | K8: =(D9/D8)-1 -> -0.015933289 | L8: =(E9/E8)-1 -> -0.010303784 | M8: =(F9/F8)-1 -> -0.032332351 | N8: =(G9/G8)-1 -> -0.0048459904 | O8: =(H9/H8)-1 -> -0.0048454084 | P8: =LN(B8/B7) -> -0.013931025 | Q8: =LN(C8/C7) -> -0.025554896 | R8: =LN(D8/D7) -> -0.011143105 | S8: =LN(E8/E7) -> -0.028027759 | T8: =LN(F8/F7) -> -0.013268255 | U8: =LN(G8/G7) -> -0.035988238 | V8: =LN(H8/H7) -> -0.035228159 | X8: AU small finance Bank | Y8: Sensex | Z8: =SLOPE(T3:T1924,P3:P1924) -> 0.86983526
A9: 45736 | B9: 76348.06 | C9: 1054.35 | D9: 1321.7 | E9: 55.71 | F9: 525.25 | G9: 749.55 | H9: 215.65 | I9: =(B10/B9)-1 -> -0.011775152 | J9: =(C10/C9)-1 -> -0.0021814388 | K9: =(D10/D9)-1 -> -0.0065067716 | L9: =(E10/E9)-1 -> -0.0052055286 | M9: =(F10/F9)-1 -> 0.0010471204 | N9: =(G10/G9)-1 -> -0.0059368955 | O9: =(H10/H9)-1 -> -0.0087642013 | P9: =LN(B9/B8) -> -0.0072749034 | Q9: =LN(C9/C8) -> -0.014874362 | R9: =LN(D9/D8) -> -0.016061588 | S9: =LN(E9/E8) -> -0.010357235 | T9: =LN(F9/F8) -> -0.032866588 | U9: =LN(G9/G8) -> -0.0048577703 | V9: =LN(H9/H8) -> -0.0048571854 | X9: SBI Bank | Y9: Sensex | Z9: =SLOPE(U3:U1924,P3:P1924) -> 1.2792067
A10: 45735 | B10: 75449.05 | C10: 1052.05 | D10: 1313.1 | E10: 55.42 | F10: 525.8 | G10: 745.1 | H10: 213.76 | I10: =(B11/B10)-1 -> -0.0019588053 | J10: =(C11/C10)-1 -> -0.0064635711 | K10: =(D11/D10)-1 -> -0.002475059 | L10: =(E11/E10)-1 -> -0.014435222 | M10: =(F11/F10)-1 -> -0.041460631 | N10: =(G11/G10)-1 -> -0.011273655 | O10: =(H11/H10)-1 -> -0.020677395 | P10: =LN(B10/B9) -> -0.011845028 | Q10: =LN(C10/C9) -> -0.0021838216 | R10: =LN(D10/D9) -> -0.0065280329 | S10: =LN(E10/E9) -> -0.0052191246 | T10: =LN(F10/F9) -> 0.0010465726 | U10: =LN(G10/G9) -> -0.0059545889 | V10: =LN(H10/H9) -> -0.0088028327 | X10: Bank of Baroda | Y10: Sensex | Z10: =SLOPE(V3:V1924,P3:P1924) -> 1.2706227
A11: 45734 | B11: 75301.26 | C11: 1045.25 | D11: 1309.85 | E11: 54.62 | F11: 504 | G11: 736.7 | H11: 209.34 | I11: =(B12/B11)-1 -> -0.015023786 | J11: =(C12/C11)-1 -> -0.010619469 | K11: =(D12/D11)-1 -> -0.031186777 | L11: =(E12/E11)-1 -> -0.03167338 | M11: =(F12/F11)-1 -> -0.024206349 | N11: =(G12/G11)-1 -> -0.018392833 | O11: =(H12/H11)-1 -> -0.017196905 | P11: =LN(B11/B10) -> -0.0019607263 | Q11: =LN(C11/C10) -> -0.0064845504 | R11: =LN(D11/D10) -> -0.002478127 | S11: =LN(E11/E10) -> -0.014540423 | T11: =LN(F11/F10) -> -0.042344644 | U11: =LN(G11/G10) -> -0.011337684 | V11: =LN(H11/H10) -> -0.020894166
A12: 45733 | B12: 74169.95 | C12: 1034.15 | D12: 1269 | E12: 52.89 | F12: 491.8 | G12: 723.15 | H12: 205.74 | I12: =(B13/B12)-1 -> -0.0045980886 | J12: =(C13/C12)-1 -> -0.023159116 | K12: =(D13/D12)-1 -> -0.014933018 | L12: =(E13/E12)-1 -> 0.011155228 | M12: =(F13/F12)-1 -> 0.022468483 | N12: =(G13/G12)-1 -> 0.0064993432 | O12: =(H13/H12)-1 -> -0.0010693108 | P12: =LN(B12/B11) -> -0.015137786 | Q12: =LN(C12/C11) -> -0.010676258 | R12: =LN(D12/D11) -> -0.031683438 | S12: =LN(E12/E11) -> -0.032185831 | T12: =LN(F12/F11) -> -0.024504138 | U12: =LN(G12/G11) -> -0.018564084 | V12: =LN(H12/H11) -> -0.017346489 | X12: Regression
A13: 45729 | B13: 73828.91 | C13: 1010.2 | D13: 1250.05 | E13: 53.48 | F13: 502.85 | G13: 727.85 | H13: 205.52 | I13: =(B14/B13)-1 -> 0.002720479 | J13: =(C14/C13)-1 -> 0.00098990299 | K13: =(D14/D13)-1 -> -0.0048798048 | L13: =(E14/E13)-1 -> 0.021503366 | M13: =(F14/F13)-1 -> 0.0086506911 | N13: =(G14/G13)-1 -> -0.0065947654 | O13: =(H14/H13)-1 -> -0.015181004 | P13: =LN(B13/B12) -> -0.0046086923 | Q13: =LN(C13/C12) -> -0.023431502 | R13: =LN(D13/D12) -> -0.015045638 | S13: =LN(E13/E12) -> 0.011093467 | T13: =LN(F13/F12) -> 0.022219785 | U13: =LN(G13/G12) -> 0.0064783135 | V13: =LN(H13/H12) -> -0.0010698829 | X13: Bank Name | Y13: Index | Z13: Beta
A14: 45728 | B14: 74029.76 | C14: 1011.2 | D14: 1243.95 | E14: 54.63 | F14: 507.2 | G14: 723.05 | H14: 202.4 | I14: =(B15/B14)-1 -> 0.00098014636 | J14: =(C15/C14)-1 -> 0.014289953 | K14: =(D15/D14)-1 -> 0.0011656417 | L14: =(E15/E14)-1 -> 0.013362621 | M14: =(F15/F14)-1 -> 0.029376972 | N14: =(G15/G14)-1 -> 0.0094046055 | O14: =(H15/H14)-1 -> 0.00079051383 | P14: =LN(B14/B13) -> 0.0027167852 | Q14: =LN(C14/C13) -> 0.00098941336 | R14: =LN(D14/D13) -> -0.0048917499 | S14: =LN(E14/E13) -> 0.02127543 | T14: =LN(F14/F13) -> 0.0086134882 | U14: =LN(G14/G13) -> -0.0066166069 | V14: =LN(H14/H13) -> -0.015297415 | X14: Axis Bank | Y14: Sensex | Z14: ='Regression-Axis'!F20 -> 1.3492188
A15: 45727 | B15: 74102.32 | C15: 1025.65 | D15: 1245.4 | E15: 55.36 | F15: 522.1 | G15: 729.85 | H15: 202.56 | I15: =(B16/B15)-1 -> 0.00017340888 | J15: =(C16/C15)-1 -> 0.009944913 | K15: =(D16/D15)-1 -> -0.024530271 | L15: =(E16/E15)-1 -> 0.01824422 | M15: =(F16/F15)-1 -> 0.032081977 | N15: =(G16/G15)-1 -> -0.0013016373 | O15: =(H16/H15)-1 -> 0.007257109 | P15: =LN(B15/B14) -> 0.00097966633 | Q15: =LN(C15/C14) -> 0.014188814 | R15: =LN(D15/D14) -> 0.0011649629 | S15: =LN(E15/E14) -> 0.013274129 | T15: =LN(F15/F14) -> 0.028953737 | U15: =LN(G15/G14) -> 0.0093606575 | V15: =LN(H15/H14) -> 0.00079020154 | X15: ICICI Bank | Y15: Sensex | Z15: ='Regression-ICICI'!F20 -> 1.3091284
A16: 45726 | B16: 74115.17 | C16: 1035.85 | D16: 1214.85 | E16: 56.37 | F16: 538.85 | G16: 728.9 | H16: 204.03 | I16: =(B17/B16)-1 -> 0.0029334076 | J16: =(C17/C16)-1 -> 0.0017377033 | K16: =(D17/D16)-1 -> -0.00024694407 | L16: =(E17/E16)-1 -> 0.017207735 | M16: =(F17/F16)-1 -> 0.010114132 | N16: =(G17/G16)-1 -> 0.0052819317 | O16: =(H17/H16)-1 -> 0.0091653188 | P16: =LN(B16/B15) -> 0.00017339384 | Q16: =LN(C16/C15) -> 0.0098957878 | R16: =LN(D16/D15) -> -0.024836151 | S16: =LN(E16/E15) -> 0.018079791 | T16: =LN(F16/F15) -> 0.031578099 | U16: =LN(G16/G15) -> -0.0013024852 | V16: =LN(H16/H15) -> 0.0072309029 | X16: IDFC Bank | Y16: Sensex | Z16: ='Regression-IDFC'!F20 -> 1.2319305
A17: 45723 | B17: 74332.58 | C17: 1037.65 | D17: 1214.55 | E17: 57.34 | F17: 544.3 | G17: 732.75 | H17: 205.9 | I17: =(B18/B17)-1 -> 0.00010103241 | J17: =(C18/C17)-1 -> -0.0034211921 | K17: =(D18/D17)-1 -> 0.0028817257 | L17: =(E18/E17)-1 -> 0.007499128 | M17: =(F18/F17)-1 -> 0.016351277 | N17: =(G18/G17)-1 -> -0.00095530536 | O17: =(H18/H17)-1 -> 0.0061194755 | P17: =LN(B17/B16) -> 0.0029291135 | Q17: =LN(C17/C16) -> 0.0017361953 | R17: =LN(D17/D16) -> -0.00024697456 | S17: =LN(E17/E16) -> 0.017061358 | T17: =LN(F17/F16) -> 0.010063326 | U17: =LN(G17/G16) -> 0.0052680312 | V17: =LN(H17/H16) -> 0.0091235722 | X17: AU small finance Bank | Y17: Sensex | Z17: ='Regression-AU Small'!F20 -> 0.86898713
A18: 45722 | B18: 74340.09 | C18: 1034.1 | D18: 1218.05 | E18: 57.77 | F18: 553.2 | G18: 732.05 | H18: 207.16 | I18: =(B19/B18)-1 -> -0.0082036489 | J18: =(C19/C18)-1 -> -0.019002031 | K18: =(D19/D18)-1 -> -0.0019293132 | L18: =(E19/E18)-1 -> 0.0031158041 | M18: =(F19/F18)-1 -> -0.012201735 | N18: =(G19/G18)-1 -> -0.0023222457 | O18: =(H19/H18)-1 -> -0.0093647422 | P18: =LN(B18/B17) -> 0.00010102731 | Q18: =LN(C18/C17) -> -0.0034270578 | R18: =LN(D18/D17) -> 0.0028775815 | S18: =LN(E18/E17) -> 0.0074711493 | T18: =LN(F18/F17) -> 0.016219034 | U18: =LN(G18/G17) -> -0.00095576195 | V18: =LN(H18/H17) -> 0.0061008275 | X18: SBI Bank | Y18: Sensex | Z18: ='Regression-SBI'!F20 -> 1.2792067
A19: 45721 | B19: 73730.23 | C19: 1014.45 | D19: 1215.7 | E19: 57.95 | F19: 546.45 | G19: 730.35 | H19: 205.22 | I19: =(B20/B19)-1 -> -0.010040658 | J19: =(C20/C19)-1 -> -0.012469811 | K19: =(D20/D19)-1 -> -0.0043596282 | L19: =(E20/E19)-1 -> -0.019327006 | M19: =(F20/F19)-1 -> 0.0034769878 | N19: =(G20/G19)-1 -> -0.019579654 | O19: =(H20/H19)-1 -> -0.045317221 | P19: =LN(B19/B18) -> -0.008237484 | Q19: =LN(C19/C18) -> -0.01918489 | R19: =LN(D19/D18) -> -0.0019311768 | S19: =LN(E19/E18) -> 0.00311096 | T19: =LN(F19/F18) -> -0.012276788 | U19: =LN(G19/G18) -> -0.0023249463 | V19: =LN(H19/H18) -> -0.0094088671 | X19: Bank of Baroda | Y19: Sensex | Z19: ='Regression-Bank of Baroda'!F20 -> 1.2706227
A20: 45720 | B20: 72989.93 | C20: 1001.8 | D20: 1210.4 | E20: 56.83 | F20: 548.35 | G20: 716.05 | H20: 195.92 | I20: =(B21/B20)-1 -> 0.0013153869 | J20: =(C21/C20)-1 -> 0.0054402076 | K20: =(D21/D20)-1 -> -0.0034699273 | L20: =(E21/E20)-1 -> 0.015132852 | M20: =(F21/F20)-1 -> 0.016868788 | N20: =(G21/G20)-1 -> -0.028978423 | O20: =(H21/H20)-1 -> -5.1041241e-05 | P20: =LN(B20/B19) -> -0.010091405 | Q20: =LN(C20/C19) -> -0.012548212 | R20: =LN(D20/D19) -> -0.0043691591 | S20: =LN(E20/E19) -> -0.019516214 | T20: =LN(F20/F19) -> 0.0034709571 | U20: =LN(G20/G19) -> -0.019773874 | V20: =LN(H20/H19) -> -0.046376162
A21: 45719 | B21: 73085.94 | C21: 1007.25 | D21: 1206.2 | E21: 57.69 | F21: 557.6 | G21: 695.3 | H21: 195.91 | I21: =(B22/B21)-1 -> 0.0015346317 | J21: =(C22/C21)-1 -> 0.0082402581 | K21: =(D22/D21)-1 -> -0.0017410048 | L21: =(E22/E21)-1 -> 0.012133819 | M21: =(F22/F21)-1 -> 0.014526542 | N21: =(G22/G21)-1 -> -0.0093484827 | O21: =(H22/H21)-1 -> 0.0059210862 | P21: =LN(B21/B20) -> 0.0013145226 | Q21: =LN(C21/C20) -> 0.0054254631 | R21: =LN(D21/D20) -> -0.0034759615 | S21: =LN(E21/E20) -> 0.015019493 | T21: =LN(F21/F20) -> 0.01672809 | U21: =LN(G21/G20) -> -0.02940659 | V21: =LN(H21/H20) -> -5.1042544e-05 | X21: Last 1 year (27th March 2024- 28th March 2025)
A22: 45716 | B22: 73198.1 | C22: 1015.55 | D22: 1204.1 | E22: 58.39 | F22: 565.7 | G22: 688.8 | H22: 197.07 | I22: =(B23/B22)-1 -> 0.01932195 | J22: =(C23/C22)-1 -> 0.0011323913 | K22: =(D23/D22)-1 -> 0.015239598 | L22: =(E23/E22)-1 -> 0.014214763 | M22: =(F23/F22)-1 -> -0.015909493 | N22: =(G23/G22)-1 -> 0.021922184 | O22: =(H23/H22)-1 -> 0.031004212 | P22: =LN(B22/B21) -> 0.0015334554 | Q22: =LN(C22/C21) -> 0.0082064926 | R22: =LN(D22/D21) -> -0.0017425221 | S22: =LN(E22/E21) -> 0.012060794 | T22: =LN(F22/F21) -> 0.014422043 | U22: =LN(G22/G21) -> -0.009392454 | V22: =LN(H22/H21) -> 0.0059036255 | X22: Bank Name | Y22: Index | Z22: Beta
A23: 45715 | B23: 74612.43 | C23: 1016.7 | D23: 1222.45 | E23: 59.22 | F23: 556.7 | G23: 703.9 | H23: 203.18 | I23: =(B24/B23)-1 -> -0.00013818073 | J23: =(C24/C23)-1 -> -0.0074751647 | K23: =(D24/D23)-1 -> 0.0013906499 | L23: =(E24/E23)-1 -> -0.0069233367 | M23: =(F24/F23)-1 -> -0.058289923 | N23: =(G24/G23)-1 -> 0.0099445944 | O23: =(H24/H23)-1 -> 0.0078255734 | P23: =LN(B23/B22) -> 0.019137651 | Q23: =LN(C23/C22) -> 0.0011317506 | R23: =LN(D23/D22) -> 0.015124642 | S23: =LN(E23/E22) -> 0.01411468 | T23: =LN(F23/F22) -> -0.016037407 | U23: =LN(G23/G22) -> 0.021685348 | V23: =LN(H23/H22) -> 0.03053329 | X23: Axis Bank | Y23: Sensex | Z23: =SLOPE(Q3:Q253,P3:P253) -> 1.1068075
A24: 45713 | B24: 74602.12 | C24: 1009.1 | D24: 1224.15 | E24: 58.81 | F24: 524.25 | G24: 710.9 | H24: 204.77 | I24: =(B25/B24)-1 -> -0.0019799705 | J24: =(C25/C24)-1 -> 0.00094143296 | K24: =(D25/D24)-1 -> -0.0047379815 | L24: =(E25/E24)-1 -> 0.018534263 | M24: =(F25/F24)-1 -> 0.01669051 | N24: =(G25/G24)-1 -> 0.0077366718 | O24: =(H25/H24)-1 -> 0.018850418 | P24: =LN(B24/B23) -> -0.00013819028 | Q24: =LN(C24/C23) -> -0.0075032438 | R24: =LN(D24/D23) -> 0.0013896839 | S24: =LN(E24/E23) -> -0.0069474142 | T24: =LN(F24/F23) -> -0.060057825 | U24: =LN(G24/G23) -> 0.0098954723 | V24: =LN(H24/H23) -> 0.0077951124 | X24: ICICI Bank | Y24: Sensex | Z24: =SLOPE(R3:R253,P3:P253) -> 1.0324254
A25: 45712 | B25: 74454.41 | C25: 1010.05 | D25: 1218.35 | E25: 59.9 | F25: 533 | G25: 716.4 | H25: 208.63 | I25: =(B26/B25)-1 -> 0.011505699 | J25: =(C26/C25)-1 -> -0.001089055 | K25: =(D26/D25)-1 -> 0.01198342 | L25: =(E26/E25)-1 -> 0.012186978 | M25: =(F26/F25)-1 -> 0.008630394 | N25: =(G26/G25)-1 -> 0.0078168621 | O25: =(H26/H25)-1 -> 0.0078608062 | P25: =LN(B25/B24) -> -0.0019819333 | Q25: =LN(C25/C24) -> 0.00094099009 | R25: =LN(D25/D24) -> -0.0047492413 | S25: =LN(E25/E24) -> 0.018364597 | T25: =LN(F25/F24) -> 0.016552754 | U25: =LN(G25/G24) -> 0.0077068973 | V25: =LN(H25/H24) -> 0.01867495 | X25: IDFC Bank | Y25: Sensex | Z25: =SLOPE(S3:S253,P3:P253) -> 0.99457593
A26: 45709 | B26: 75311.06 | C26: 1008.95 | D26: 1232.95 | E26: 60.63 | F26: 537.6 | G26: 722 | H26: 210.27 | I26: =(B27/B26)-1 -> 0.0056419336 | J26: =(C27/C26)-1 -> 0.0081768175 | K26: =(D27/D26)-1 -> 0.013788069 | L26: =(E27/E26)-1 -> 0.012040244 | M26: =(F27/F26)-1 -> -0.0047433036 | N26: =(G27/G26)-1 -> 0.01066482 | O26: =(H27/H26)-1 -> 0.015694108 | P26: =LN(B26/B25) -> 0.011440011 | Q26: =LN(C26/C25) -> -0.0010896484 | R26: =LN(D26/D25) -> 0.011912188 | S26: =LN(E26/E25) -> 0.012113315 | T26: =LN(F26/F25) -> 0.008593365 | U26: =LN(G26/G25) -> 0.0077864687 | V26: =LN(H26/H25) -> 0.007830071 | X26: AU small finance Bank | Y26: Sensex | Z26: =SLOPE(T3:T253,P3:P253) -> 0.56786072
A27: 45708 | B27: 75735.96 | C27: 1017.2 | D27: 1249.95 | E27: 61.36 | F27: 535.05 | G27: 729.7 | H27: 213.57 | I27: =(B28/B27)-1 -> 0.0026832696 | J27: =(C28/C27)-1 -> -0.0057510814 | K27: =(D28/D27)-1 -> 0.0093603744 | L27: =(E28/E27)-1 -> -0.022327249 | M27: =(F28/F27)-1 -> -0.017568452 | N27: =(G28/G27)-1 -> -0.0032890229 | O27: =(H28/H27)-1 -> -0.02191319 | P27: =LN(B27/B26) -> 0.0056260775 | Q27: =LN(C27/C26) -> 0.0081435684 | R27: =LN(D27/D26) -> 0.013693879 | S27: =LN(E27/E26) -> 0.011968337 | T27: =LN(F27/F26) -> -0.0047545887 | U27: =LN(G27/G26) -> 0.010608352 | V27: =LN(H27/H26) -> 0.015572229 | X27: SBI Bank | Y27: Sensex | Z27: =SLOPE(U3:U253,P3:P253) -> 1.4443737
A28: 45707 | B28: 75939.18 | C28: 1011.35 | D28: 1261.65 | E28: 59.99 | F28: 525.65 | G28: 727.3 | H28: 208.89 | I28: =(B29/B28)-1 -> 0.00037148149 | J28: =(C29/C28)-1 -> -0.017006971 | K28: =(D29/D28)-1 -> -0.014742599 | L28: =(E29/E28)-1 -> -0.0078346391 | M28: =(F29/F28)-1 -> -0.044230952 | N28: =(G29/G28)-1 -> -0.0020624227 | O28: =(H29/H28)-1 -> -0.013404184 | P28: =LN(B28/B27) -> 0.0026796761 | Q28: =LN(C28/C27) -> -0.0057676825 | R28: =LN(D28/D27) -> 0.0093168376 | S28: =LN(E28/E27) -> -0.022580275 | T28: =LN(F28/F27) -> -0.017724608 | U28: =LN(G28/G27) -> -0.0032944436 | V28: =LN(H28/H27) -> -0.02215685 | X28: Bank of Baroda | Y28: Sensex | Z28: =SLOPE(V3:V253,P3:P253) -> 1.6295225
A29: 45706 | B29: 75967.39 | C29: 994.15 | D29: 1243.05 | E29: 59.52 | F29: 502.4 | G29: 725.8 | H29: 206.09 | I29: =(B30/B29)-1 -> 0.00038792961 | J29: =(C30/C29)-1 -> -0.0012070613 | K29: =(D30/D29)-1 -> 0.0065162302 | L29: =(E30/E29)-1 -> 0.033266129 | M29: =(F30/F29)-1 -> 0.039112261 | N29: =(G30/G29)-1 -> 0.002617801 | O29: =(H30/H29)-1 -> 0.0042214566 | P29: =LN(B29/B28) -> 0.00037141251 | Q29: =LN(C29/C28) -> -0.01715325 | R29: =LN(D29/D28) -> -0.014852351 | S29: =LN(E29/E28) -> -0.0078654911 | T29: =LN(F29/F28) -> -0.045238977 | U29: =LN(G29/G28) -> -0.0020645524 | V29: =LN(H29/H28) -> -0.013494831
A30: 45705 | B30: 75996.86 | C30: 992.95 | D30: 1251.15 | E30: 61.5 | F30: 522.05 | G30: 727.7 | H30: 206.96 | I30: =(B31/B30)-1 -> -0.00075858397 | J30: =(C31/C30)-1 -> 0.0045823053 | K30: =(D31/D30)-1 -> 0.0071534189 | L30: =(E31/E30)-1 -> -0.014634146 | M30: =(F31/F30)-1 -> 0.024614501 | N30: =(G31/G30)-1 -> -0.0076267693 | O30: =(H31/H30)-1 -> -0.0086973328 | P30: =LN(B30/B29) -> 0.00038785439 | Q30: =LN(C30/C29) -> -0.0012077904 | R30: =LN(D30/D29) -> 0.0064950914 | S30: =LN(E30/E29) -> 0.032724784 | T30: =LN(F30/F29) -> 0.038366754 | U30: =LN(G30/G29) -> 0.0026143806 | V30: =LN(H30/H29) -> 0.0042125713
A31: 45702 | B31: 75939.21 | C31: 997.5 | D31: 1260.1 | E31: 60.6 | F31: 534.9 | G31: 722.15 | H31: 205.16 | I31: =(B32/B31)-1 -> 0.0026305251 | J31: =(C32/C31)-1 -> 0.010726817 | K31: =(D32/D31)-1 -> -0.0088881835 | L31: =(E32/E31)-1 -> 0.014686469 | M31: =(F32/F31)-1 -> 0.033931576 | N31: =(G32/G31)-1 -> 0.0076161462 | O31: =(H32/H31)-1 -> 0.027490739 | P31: =LN(B31/B30) -> -0.00075887184 | Q31: =LN(C31/C30) -> 0.0045718385 | R31: =LN(D31/D30) -> 0.0071279545 | S31: =LN(E31/E30) -> -0.014742282 | T31: =LN(F31/F30) -> 0.024316445 | U31: =LN(G31/G30) -> -0.0076560018 | V31: =LN(H31/H30) -> -0.0087353754
A32: 45701 | B32: 76138.97 | C32: 1008.2 | D32: 1248.9 | E32: 61.49 | F32: 553.05 | G32: 727.65 | H32: 210.8 | I32: =(B33/B32)-1 -> 0.00042172885 | J32: =(C33/C32)-1 -> -0.0012894267 | K32: =(D33/D32)-1 -> 0.0023220434 | L32: =(E33/E32)-1 -> 0.010896081 | M32: =(F33/F32)-1 -> 0.002441009 | N32: =(G33/G32)-1 -> 0.007558579 | O32: =(H33/H32)-1 -> 0.0082542694 | P32: =LN(B32/B31) -> 0.0026270714 | Q32: =LN(C32/C31) -> 0.010669693 | R32: =LN(D32/D31) -> -0.008927919 | S32: =LN(E32/E31) -> 0.014579667 | T32: =LN(F32/F31) -> 0.0333686 | U32: =LN(G32/G31) -> 0.0075872898 | V32: =LN(H32/H31) -> 0.027119654
A33: 45700 | B33: 76171.08 | C33: 1006.9 | D33: 1251.8 | E33: 62.16 | F33: 554.4 | G33: 733.15 | H33: 212.54 | I33: =(B34/B33)-1 -> 0.0016084845 | J33: =(C34/C33)-1 -> 0.00049657364 | K33: =(D34/D33)-1 -> 0.00075890717 | L33: =(E34/E33)-1 -> -0.0083655084 | M33: =(F34/F33)-1 -> 0.029401154 | N33: =(G34/G33)-1 -> -0.0027961536 | O33: =(H34/H33)-1 -> -0.0082807942 | P33: =LN(B33/B32) -> 0.00042163994 | Q33: =LN(C33/C32) -> -0.0012902587 | R33: =LN(D33/D32) -> 0.0023193516 | S33: =LN(E33/E32) -> 0.010837146 | T33: =LN(F33/F32) -> 0.0024380345 | U33: =LN(G33/G32) -> 0.0075301561 | V33: =LN(H33/H32) -> 0.0082203893
A34: 45699 | B34: 76293.6 | C34: 1007.4 | D34: 1252.75 | E34: 61.64 | F34: 570.7 | G34: 731.1 | H34: 210.78 | I34: =(B35/B34)-1 -> 0.013345811 | J34: =(C35/C34)-1 -> 0.0043180465 | K34: =(D35/D34)-1 -> 0.0078627021 | L34: =(E35/E34)-1 -> 0.020603504 | M34: =(F35/F34)-1 -> 0.015857719 | N34: =(G35/G34)-1 -> 0.0077964711 | O34: =(H35/H34)-1 -> 0.02111206 | P34: =LN(B34/B33) -> 0.0016071923 | Q34: =LN(C34/C33) -> 0.00049645039 | R34: =LN(D34/D33) -> 0.00075861935 | S34: =LN(E34/E33) -> -0.0084006956 | T34: =LN(F34/F33) -> 0.02897723 | U34: =LN(G34/G33) -> -0.0028000701 | V34: =LN(H34/H33) -> -0.0083152704
A35: 45698 | B35: 77311.8 | C35: 1011.75 | D35: 1262.6 | E35: 62.91 | F35: 579.75 | G35: 736.8 | H35: 215.23 | I35: =(B36/B35)-1 -> 0.0070932251 | J35: =(C36/C35)-1 -> 0.012206573 | K35: =(D36/D35)-1 -> -0.0045144939 | L35: =(E36/E35)-1 -> 0.018756954 | M35: =(F36/F35)-1 -> 0.021302285 | N35: =(G36/G35)-1 -> 0.00054288817 | O35: =(H36/H35)-1 -> 0.0050643498 | P35: =LN(B35/B34) -> 0.013257541 | Q35: =LN(C35/C34) -> 0.0043087504 | R35: =LN(D35/D34) -> 0.0078319521 | S35: =LN(E35/E34) -> 0.020394123 | T35: =LN(F35/F34) -> 0.015733299 | U35: =LN(G35/G34) -> 0.0077662356 | V35: =LN(H35/H34) -> 0.020892288
A36: 45695 | B36: 77860.19 | C36: 1024.1 | D36: 1256.9 | E36: 64.09 | F36: 592.1 | G36: 737.2 | H36: 216.32 | I36: =(B37/B36)-1 -> 0.0025426344 | J36: =(C37/C36)-1 -> -0.0033199883 | K36: =(D37/D36)-1 -> 0.012331928 | L36: =(E37/E36)-1 -> -0.005617101 | M36: =(F37/F36)-1 -> -0.0098800878 | N36: =(G37/G36)-1 -> 0.020415084 | O36: =(H37/H36)-1 -> 0.015671228 | P36: =LN(B36/B35) -> 0.0070681865 | Q36: =LN(C36/C35) -> 0.012132673 | R36: =LN(D36/D35) -> -0.004524715 | S36: =LN(E36/E35) -> 0.018583212 | T36: =LN(F36/F35) -> 0.021078563 | U36: =LN(G36/G35) -> 0.00054274085 | V36: =LN(H36/H35) -> 0.0050515691
A37: 45694 | B37: 78058.16 | C37: 1020.7 | D37: 1272.4 | E37: 63.73 | F37: 586.25 | G37: 752.25 | H37: 219.71 | I37: =(B38/B37)-1 -> 0.0027302719 | J37: =(C38/C37)-1 -> -0.0072499265 | K37: =(D38/D37)-1 -> -0.003693807 | L37: =(E38/E37)-1 -> -0.0062764789 | M37: =(F38/F37)-1 -> 0.015948827 | N37: =(G38/G37)-1 -> 0.018344965 | O37: =(H38/H37)-1 -> 0.0014109508 | P37: =LN(B37/B36) -> 0.0025394074 | Q37: =LN(C37/C36) -> -0.0033255117 | R37: =LN(D37/D36) -> 0.012256509 | S37: =LN(E37/E36) -> -0.0056329362 | T37: =LN(F37/F36) -> -0.0099292198 | U37: =LN(G37/G36) -> 0.02020949 | V37: =LN(H37/H36) -> 0.015549702
A38: 45693 | B38: 78271.28 | C38: 1013.3 | D38: 1267.7 | E38: 63.33 | F38: 595.6 | G38: 766.05 | H38: 220.02 | I38: =(B39/B38)-1 -> 0.0039929077 | J38: =(C39/C38)-1 -> 0.0019737491 | K38: =(D39/D38)-1 -> 0.00039441508 | L38: =(E39/E38)-1 -> -0.019106269 | M38: =(F39/F38)-1 -> 0.0071356615 | N38: =(G39/G38)-1 -> 0.017165981 | O38: =(H39/H38)-1 -> -0.032406145 | P38: =LN(B38/B37) -> 0.0027265515 | Q38: =LN(C38/C37) -> -0.007276335 | R38: =LN(D38/D37) -> -0.0037006459 | S38: =LN(E38/E37) -> -0.0062962588 | T38: =LN(F38/F37) -> 0.015822981 | U38: =LN(G38/G37) -> 0.018178726 | V38: =LN(H38/H37) -> 0.0014099563
A39: 45692 | B39: 78583.81 | C39: 1015.3 | D39: 1268.2 | E39: 62.12 | F39: 599.85 | G39: 779.2 | H39: 212.89 | I39: =(B40/B39)-1 -> -0.017778089 | J39: =(C40/C39)-1 -> -0.025509702 | K39: =(D40/D39)-1 -> -0.011985491 | L39: =(E40/E39)-1 -> 0.0022537025 | M39: =(F40/F39)-1 -> 0.015087105 | N39: =(G40/G39)-1 -> -0.023421458 | O39: =(H40/H39)-1 -> -0.023016581 | P39: =LN(B39/B38) -> 0.0039849572 | Q39: =LN(C39/C38) -> 0.0019718039 | R39: =LN(D39/D38) -> 0.00039433732 | S39: =LN(E39/E38) -> -0.019291152 | T39: =LN(F39/F38) -> 0.0071103232 | U39: =LN(G39/G38) -> 0.017020311 | V39: =LN(H39/H38) -> -0.032942851
A40: 45691 | B40: 77186.74 | C40: 989.4 | D40: 1253 | E40: 62.26 | F40: 608.9 | G40: 760.95 | H40: 207.99 | I40: =(B41/B40)-1 -> 0.0041356844 | J40: =(C41/C40)-1 -> 0.0088437437 | K40: =(D41/D40)-1 -> 0.0020351157 | L40: =(E41/E40)-1 -> -0.0049791198 | M40: =(F41/F40)-1 -> -0.012892101 | N40: =(G41/G40)-1 -> 0.0066364413 | O40: =(H41/H40)-1 -> 0.013702582 | P40: =LN(B40/B39) -> -0.017938018 | Q40: =LN(C40/C39) -> -0.025840716 | R40: =LN(D40/D39) -> -0.012057896 | S40: =LN(E40/E39) -> 0.0022511667 | T40: =LN(F40/F39) -> 0.014974427 | U40: =LN(G40/G39) -> -0.0237001 | V40: =LN(H40/H39) -> -0.023285599
... A1918: 42926 | B1918: 31715.64 | C1918: 509.95 | D1918: 291.45 | E1918: 65.2 | F1918: 270.83 | G1918: 285.55 | H1918: 166.6 | I1918: =(B1919/B1918)-1 -> -0.011193531 | J1918: =(C1919/C1918)-1 -> -0.013334641 | K1918: =(D1919/D1918)-1 -> -0.0060044605 | L1918: =(E1919/E1918)-1 -> -0.0076687117 | M1918: =(F1919/F1918)-1 -> -1 | N1918: =(G1919/G1918)-1 -> -0.019085974 | O1918: =(H1919/H1918)-1 -> -0.036314526 | P1918: =LN(B1918/B1917) -> -0.00099113299 | Q1918: =LN(C1918/C1917) -> 0.0061962332 | R1918: =LN(D1918/D1917) -> 0.0061951669 | S1918: =LN(E1918/E1917) -> 0.050325084 | T1918: =LN(F1918/F1917) -> -0.046179254 | U1918: =LN(G1918/G1917) -> 0.0070286707 | V1918: =LN(H1918/H1917) -> 0.023995077
A1919: 42923 | B1919: 31360.63 | C1919: 503.15 | D1919: 289.7 | E1919: 64.7 | G1919: 280.1 | H1919: 160.55 | I1919: =(B1920/B1919)-1 -> 0.00027773677 | J1919: =(C1920/C1919)-1 -> 0.012620491 | K1919: =(D1920/D1919)-1 -> 0.013979979 | L1919: =(E1920/E1919)-1 -> -0.021638331 | M1919: =(F1920/F1919)-1 -> #DIV/0! | N1919: =(G1920/G1919)-1 -> 0.0032131382 | O1919: =(H1920/H1919)-1 -> 0.01152289 | P1919: =LN(B1919/B1918) -> -0.01125665 | Q1919: =LN(C1919/C1918) -> -0.013424345 | R1919: =LN(D1919/D1918) -> -0.0060225597 | S1919: =LN(E1919/E1918) -> -0.0076982674 | U1919: =LN(G1919/G1918) -> -0.019270463 | V1919: =LN(H1919/H1918) -> -0.036990309
A1920: 42922 | B1920: 31369.34 | C1920: 509.5 | D1920: 293.75 | E1920: 63.3 | G1920: 281 | H1920: 162.4 | I1920: =(B1921/B1920)-1 -> -0.0039458911 | J1920: =(C1921/C1920)-1 -> 0.0086359176 | K1920: =(D1921/D1920)-1 -> -0.0030638298 | L1920: =(E1921/E1920)-1 -> -0.015007899 | M1920: =(F1921/F1920)-1 -> #DIV/0! | N1920: =(G1921/G1920)-1 -> -0.021708185 | O1920: =(H1921/H1920)-1 -> -0.0098522167 | P1920: =LN(B1920/B1919) -> 0.00027769821 | Q1920: =LN(C1920/C1919) -> 0.012541516 | R1920: =LN(D1920/D1919) -> 0.013883161 | S1920: =LN(E1920/E1919) -> -0.021875872 | U1920: =LN(G1920/G1919) -> 0.0032079871 | V1920: =LN(H1920/H1919) -> 0.011457007
A1921: 42921 | B1921: 31245.56 | C1921: 513.9 | D1921: 292.85 | E1921: 62.35 | G1921: 274.9 | H1921: 160.8 | I1921: =(B1922/B1921)-1 -> -0.0011448027 | J1921: =(C1922/C1921)-1 -> -0.010702471 | K1921: =(D1922/D1921)-1 -> -0.011439303 | L1921: =(E1922/E1921)-1 -> -0.091419407 | M1921: =(F1922/F1921)-1 -> #DIV/0! | N1921: =(G1922/G1921)-1 -> -0.0069116042 | O1921: =(H1922/H1921)-1 -> -0.0090174129 | P1921: =LN(B1921/B1920) -> -0.0039536967 | Q1921: =LN(C1921/C1920) -> 0.0085988413 | R1921: =LN(D1921/D1920) -> -0.0030685329 | S1921: =LN(E1921/E1920) -> -0.015121657 | U1921: =LN(G1921/G1920) -> -0.021947274 | V1921: =LN(H1921/H1920) -> -0.009901071
A1922: 42920 | B1922: 31209.79 | C1922: 508.4 | D1922: 289.5 | E1922: 56.65 | G1922: 273 | H1922: 159.35 | I1922: =(B1923/B1922)-1 -> 0.00037904773 | J1922: =(C1923/C1922)-1 -> 0.017407553 | K1922: =(D1923/D1922)-1 -> 0.0018998273 | L1922: =(E1923/E1922)-1 -> -0.030008826 | M1922: =(F1923/F1922)-1 -> #DIV/0! | N1922: =(G1923/G1922)-1 -> 0.0067765568 | O1922: =(H1923/H1922)-1 -> 0.015688735 | P1922: =LN(B1922/B1921) -> -0.0011454584 | Q1922: =LN(C1922/C1921) -> -0.010760155 | R1922: =LN(D1922/D1921) -> -0.011505236 | S1922: =LN(E1922/E1921) -> -0.095871685 | U1922: =LN(G1922/G1921) -> -0.0069356 | V1922: =LN(H1922/H1921) -> -0.0090583159
A1923: 42919 | B1923: 31221.62 | C1923: 517.25 | D1923: 290.05 | E1923: 54.95 | G1923: 274.85 | H1923: 161.85 | I1923: =(B1924/B1923)-1 -> -0.0096090466 | J1923: =(C1924/C1923)-1 -> 0.00019333011 | K1923: =(D1924/D1923)-1 -> 0.00034476814 | L1923: =(E1924/E1923)-1 -> -0.0045495905 | M1923: =(F1924/F1923)-1 -> #DIV/0! | N1923: =(G1924/G1923)-1 -> -0.0043660178 | O1923: =(H1924/H1923)-1 -> -0.0012357121 | P1923: =LN(B1923/B1922) -> 0.00037897591 | Q1923: =LN(C1923/C1922) -> 0.017257777 | R1923: =LN(D1923/D1922) -> 0.0018980249 | S1923: =LN(E1923/E1922) -> -0.030468307 | U1923: =LN(G1923/G1922) -> 0.0067536991 | V1923: =LN(H1923/H1922) -> 0.01556694
A1924: 42916 | B1924: 30921.61 | C1924: 517.35 | D1924: 290.15 | E1924: 54.7 | G1924: 273.65 | H1924: 161.65 | I1924: =(B1925/B1924)-1 -> -1 | J1924: =(C1925/C1924)-1 -> -1 | K1924: =(D1925/D1924)-1 -> -1 | L1924: =(E1925/E1924)-1 -> -1 | M1924: =(F1925/F1924)-1 -> #DIV/0! | N1924: =(G1925/G1924)-1 -> -1 | O1924: =(H1925/H1924)-1 -> -1 | P1924: =LN(B1924/B1923) -> -0.0096555113 | Q1924: =LN(C1924/C1923) -> 0.00019331143 | R1924: =LN(D1924/D1923) -> 0.00034470872 | S1924: =LN(E1924/E1923) -> -0.0045599714 | U1924: =LN(G1924/G1923) -> -0.0043755767 | V1924: =LN(H1924/H1923) -> -0.0012364762

Sheet Regression-Axis
B1: Sensex Log return | C1: Axis Bank Log returns
B3: =BETA!P3 -> 0.018123739 | C3: =BETA!Q3 -> 0.014993881 | E3: SUMMARY OUTPUT
B4: =BETA!P4 -> 0.0024707577 | C4: =BETA!Q4 -> -0.0033176571
B5: =BETA!P5 -> -0.0041051111 | C5: =BETA!Q5 -> -0.001913789 | E5: Regression Statistics
B6: =BETA!P6 -> 0.0093840135 | C6: =BETA!Q6 -> 0.020137939 | E6: Multiple R | F6: 0.68686311
B7: =BETA!P7 -> -0.0004206368 | C7: =BETA!Q7 -> -0.018679482 | E7: R Square | F7: 0.47178094
B8: =BETA!P8 -> -0.013931025 | C8: =BETA!Q8 -> -0.025554896 | E8: Adjusted R Square | F8: 0.47150582
B9: =BETA!P9 -> -0.0072749034 | C9: =BETA!Q9 -> -0.014874362 | E9: Standard Error | F9: 0.015617485
B10: =BETA!P10 -> -0.011845028 | C10: =BETA!Q10 -> -0.0021838216 | E10: Observations | F10: 1922
B11: =BETA!P11 -> -0.0019607263 | C11: =BETA!Q11 -> -0.0064845504
B12: =BETA!P12 -> -0.015137786 | C12: =BETA!Q12 -> -0.010676258 | E12: ANOVA
B13: =BETA!P13 -> -0.0046086923 | C13: =BETA!Q13 -> -0.023431502 | F13: df | G13: SS | H13: MS | I13: F | J13: Significance F
B14: =BETA!P14 -> 0.0027167852 | C14: =BETA!Q14 -> 0.00098941336 | E14: Regression | F14: 1 | G14: 0.41826327 | H14: 0.41826327 | I14: 1714.8556 | J14: 2.1116358e-268
B15: =BETA!P15 -> 0.00097966633 | C15: =BETA!Q15 -> 0.014188814 | E15: Residual | F15: 1920 | G15: 0.46829919 | H15: 0.00024390583
B16: =BETA!P16 -> 0.00017339384 | C16: =BETA!Q16 -> 0.0098957878 | E16: Total | F16: 1921 | G16: 0.88656246
B17: =BETA!P17 -> 0.0029291135 | C17: =BETA!Q17 -> 0.0017361953
B18: =BETA!P18 -> 0.00010102731 | C18: =BETA!Q18 -> -0.0034270578 | F18: Coefficients | G18: Standard Error | H18: t Stat | I18: P-value | J18: Lower 95% | K18: Upper 95% | L18: Lower 95.0% | M18: Upper 95.0% | N18: Upper 95.0%
B19: =BETA!P19 -> -0.008237484 | C19: =BETA!Q19 -> -0.01918489 | E19: Intercept | F19: 0.00024588418 | G19: 0.00035655947 | H19: 0.68960215 | I19: 0.49052775 | J19: -0.00045340036 | K19: 0.00094516871 | L19: -0.00045340036 | M19: 0.00094516871 | N19: 0.00094516871
B20: =BETA!P20 -> -0.010091405 | C20: =BETA!Q20 -> -0.012548212 | E20: X Variable 1 | F20: 1.3492188 | G20: 0.032581314 | H20: 41.410814 | I20: 2.1116358e-268 | J20: 1.2853203 | K20: 1.4131172 | L20: 1.2853203 | M20: 1.4131172 | N20: 1.4131172
B21: =BETA!P21 -> 0.0013145226 | C21: =BETA!Q21 -> 0.0054254631
B22: =BETA!P22 -> 0.0015334554 | C22: =BETA!Q22 -> 0.0082064926
B23: =BETA!P23 -> 0.019137651 | C23: =BETA!Q23 -> 0.0011317506 | F23: Beta
B24: =BETA!P24 -> -0.00013819028 | C24: =BETA!Q24 -> -0.0075032438
B25: =BETA!P25 -> -0.0019819333 | C25: =BETA!Q25 -> 0.00094099009
B26: =BETA!P26 -> 0.011440011 | C26: =BETA!Q26 -> -0.0010896484 | F26: VAR
B27: =BETA!P27 -> 0.0056260775 | C27: =BETA!Q27 -> 0.0081435684 | F27: Mean | G27: =AVERAGE(C3:C1924) -> -0.00038562356
B28: =BETA!P28 -> 0.0026796761 | C28: =BETA!Q28 -> -0.0057676825 | F28: STD dev | G28: =_xlfn.STDEV.S(C3:C1924) -> 0.021482805
B29: =BETA!P29 -> 0.00037141251 | C29: =BETA!Q29 -> -0.01715325 | F29: Alpha | G29: 0.05
B30: =BETA!P30 -> 0.00038785439 | C30: =BETA!Q30 -> -0.0012077904 | F30: Z score | G30: =_xlfn.NORM.S.INV(G29) -> -1.6448536
B31: =BETA!P31 -> -0.00075887184 | C31: =BETA!Q31 -> 0.0045718385 | F31: VaR | G31: =G27+(G28*G30) -> -0.035721693
B32: =BETA!P32 -> 0.0026270714 | C32: =BETA!Q32 -> 0.010669693
B33: =BETA!P33 -> 0.00042163994 | C33: =BETA!Q33 -> -0.0012902587
B34: =BETA!P34 -> 0.0016071923 | C34: =BETA!Q34 -> 0.00049645039
B35: =BETA!P35 -> 0.013257541 | C35: =BETA!Q35 -> 0.0043087504 | F35: Annualised VAR
B36: =BETA!P36 -> 0.0070681865 | C36: =BETA!Q36 -> 0.012132673 | F36: assume trading days | G36: 252
B37: =BETA!P37 -> 0.0025394074 | C37: =BETA!Q37 -> -0.0033255117 | F37: Mean | G37: =AVERAGE(C3:C1924)*G36 -> -0.097177137
B38: =BETA!P38 -> 0.0027265515 | C38: =BETA!Q38 -> -0.007276335 | F38: STD dev | G38: =_xlfn.STDEV.S(C3:C1924)*SQRT(G36) -> 0.34102896
B39: =BETA!P39 -> 0.0039849572 | C39: =BETA!Q39 -> 0.0019718039 | F39: Alpha | G39: 0.05
B40: =BETA!P40 -> -0.017938018 | C40: =BETA!Q40 -> -0.025840716 | F40: Z score | G40: =_xlfn.NORM.S.INV(G39) -> -1.6448536
B41: =BETA!P41 -> 0.004127156 | C41: =BETA!Q41 -> 0.0088048668 | F41: VaR | G41: =G37+(G38*G40) -> -0.65811985
B42: =BETA!P42 -> -6.9545457e-05 | C42: =BETA!Q42 -> -0.012145796
B43: =BETA!P43 -> -0.0096040953 | C43: =BETA!Q43 -> -0.0014207431 | F43: Historical Method | H43: ES
B44: =BETA!P44 -> -0.0029596982 | C44: =BETA!Q44 -> -0.0013210713 | F44: 0.05 | G44: =_xlfn.PERCENTILE.INC(C3:C1924,F44) -> -0.030052961 | H44: =AVERAGEIF(C3:C1924,"<="&G44) -> -0.048033949
B45: =BETA!P45 -> -0.0082862364 | C45: =BETA!Q45 -> 0.00040666938 | F45: 0.01 | G45: =_xlfn.PERCENTILE.INC(C4:C1925,F45) -> -0.059674634
B46: =BETA!P46 -> -0.0070767607 | C46: =BETA!Q46 -> -0.036962642
B47: =BETA!P47 -> 0.010877757 | C47: =BETA!Q47 -> 0.00042180745
B48: =BETA!P48 -> 0.0043208526 | C48: =BETA!Q48 -> 0.002684848
B49: =BETA!P49 -> -0.0015091024 | C49: =BETA!Q49 -> 0.0086372144
B50: =BETA!P50 -> -0.0074437749 | C50: =BETA!Q50 -> 0.011298384
B51: =BETA!P51 -> 0.0161545 | C51: =BETA!Q51 -> 0.018231068
B52: =BETA!P52 -> -0.0059093388 | C52: =BETA!Q52 -> 0.0030316834
B53: =BETA!P53 -> 0.0055119764 | C53: =BETA!Q53 -> 0.046286077
B54: =BETA!P54 -> -0.0041457616 | C54: =BETA!Q54 -> -0.010848615
B55: =BETA!P55 -> -0.0029297053 | C55: =BETA!Q55 -> 0.023913189
B56: =BETA!P56 -> -0.0022197274 | C56: =BETA!Q56 -> -0.0022370842
B57: =BETA!P57 -> 0.013648086 | C57: =BETA!Q57 -> -0.0082297115
... B1924: =BETA!P1924 -> -0.0096555113 | C1924: =BETA!Q1924 -> 0.00019331143

Sheet Regression-ICICI
B1: Sensex Log return | C1: ICICI Bank Log returns
B3: =BETA!P3 -> 0.018123739 | C3: =BETA!R3 -> 0.022424818 | E3: SUMMARY OUTPUT
B4: =BETA!P4 -> 0.0024707577 | C4: =BETA!R4 -> -0.008715139
B5: =BETA!P5 -> -0.0041051111 | C5: =BETA!R5 -> -0.00056126173 | E5: Regression Statistics
B6: =BETA!P6 -> 0.0093840135 | C6: =BETA!R6 -> 0.0058217809 | E6: Multiple R | F6: 0.73981936
B7: =BETA!P7 -> -0.0004206368 | C7: =BETA!R7 -> 0.010696477 | E7: R Square | F7: 0.54733268
B8: =BETA!P8 -> -0.013931025 | C8: =BETA!R8 -> -0.011143105 | E8: Adjusted R Square | F8: 0.54709692
B9: =BETA!P9 -> -0.0072749034 | C9: =BETA!R9 -> -0.016061588 | E9: Standard Error | F9: 0.013023808
B10: =BETA!P10 -> -0.011845028 | C10: =BETA!R10 -> -0.0065280329 | E10: Observations | F10: 1922
B11: =BETA!P11 -> -0.0019607263 | C11: =BETA!R11 -> -0.002478127
B12: =BETA!P12 -> -0.015137786 | C12: =BETA!R12 -> -0.031683438 | E12: ANOVA
B13: =BETA!P13 -> -0.0046086923 | C13: =BETA!R13 -> -0.015045638 | F13: df | G13: SS | H13: MS | I13: F | J13: Significance F
B14: =BETA!P14 -> 0.0027167852 | C14: =BETA!R14 -> -0.0048917499 | E14: Regression | F14: 1 | G14: 0.3937762 | H14: 0.3937762 | I14: 2321.5256 | J14: 0
B15: =BETA!P15 -> 0.00097966633 | C15: =BETA!R15 -> 0.0011649629 | E15: Residual | F15: 1920 | G15: 0.3256696 | H15: 0.00016961958
B16: =BETA!P16 -> 0.00017339384 | C16: =BETA!R16 -> -0.024836151 | E16: Total | F16: 1921 | G16: 0.71944581
B17: =BETA!P17 -> 0.0029291135 | C17: =BETA!R17 -> -0.00024697456
B18: =BETA!P18 -> 0.00010102731 | C18: =BETA!R18 -> 0.0028775815 | F18: Coefficients | G18: Standard Error | H18: t Stat | I18: P-value | J18: Lower 95% | K18: Upper 95% | L18: Lower 95.0% | M18: Upper 95.0%
B19: =BETA!P19 -> -0.008237484 | C19: =BETA!R19 -> -0.0019311768 | E19: Intercept | F19: -0.00017488111 | G19: 0.0002973438 | H19: -0.58814448 | I19: 0.55650449 | J19: -0.00075803186 | K19: 0.00040826963 | L19: -0.00075803186 | M19: 0.00040826963
B20: =BETA!P20 -> -0.010091405 | C20: =BETA!R20 -> -0.0043691591 | E20: X Variable 1 | F20: 1.3091284 | G20: 0.027170367 | H20: 48.182212 | I20: 0 | J20: 1.2558419 | K20: 1.3624149 | L20: 1.2558419 | M20: 1.3624149
B21: =BETA!P21 -> 0.0013145226 | C21: =BETA!R21 -> -0.0034759615
B22: =BETA!P22 -> 0.0015334554 | C22: =BETA!R22 -> -0.0017425221
B23: =BETA!P23 -> 0.019137651 | C23: =BETA!R23 -> 0.015124642 | F23: Beta
B24: =BETA!P24 -> -0.00013819028 | C24: =BETA!R24 -> 0.0013896839
B25: =BETA!P25 -> -0.0019819333 | C25: =BETA!R25 -> -0.0047492413
B26: =BETA!P26 -> 0.011440011 | C26: =BETA!R26 -> 0.011912188
B27: =BETA!P27 -> 0.0056260775 | C27: =BETA!R27 -> 0.013693879 | E27: VAR
B28: =BETA!P28 -> 0.0026796761 | C28: =BETA!R28 -> 0.0093168376 | F28: Mean | G28: =AVERAGE(C3:C1924) -> -0.00078762438
B29: =BETA!P29 -> 0.00037141251 | C29: =BETA!R29 -> -0.014852351 | F29: STD dev | G29: =_xlfn.STDEV.S(C3:C1924) -> 0.019352424
B30: =BETA!P30 -> 0.00038785439 | C30: =BETA!R30 -> 0.0064950914 | F30: Alpha | G30: 0.05
B31: =BETA!P31 -> -0.00075887184 | C31: =BETA!R31 -> 0.0071279545 | F31: Z score | G31: =_xlfn.NORM.S.INV(G30) -> -1.6448536
B32: =BETA!P32 -> 0.0026270714 | C32: =BETA!R32 -> -0.008927919 | F32: VaR | G32: =G28+(G29*G31) -> -0.032619528
B33: =BETA!P33 -> 0.00042163994 | C33: =BETA!R33 -> 0.0023193516
B34: =BETA!P34 -> 0.0016071923 | C34: =BETA!R34 -> 0.00075861935
B35: =BETA!P35 -> 0.013257541 | C35: =BETA!R35 -> 0.0078319521 | E35: Annualised VAR
B36: =BETA!P36 -> 0.0070681865 | C36: =BETA!R36 -> -0.004524715 | F36: assume trading days | H36: 252
B37: =BETA!P37 -> 0.0025394074 | C37: =BETA!R37 -> 0.012256509 | F37: Mean | H37: =AVERAGE(C3:C1924)*H36 -> -0.19848134
B38: =BETA!P38 -> 0.0027265515 | C38: =BETA!R38 -> -0.0037006459 | F38: STD dev | H38: =_xlfn.STDEV.S(C3:C1924)*SQRT(H36) -> 0.3072102
B39: =BETA!P39 -> 0.0039849572 | C39: =BETA!R39 -> 0.00039433732 | F39: Alpha | H39: 0.05
B40: =BETA!P40 -> -0.017938018 | C40: =BETA!R40 -> -0.012057896 | F40: Z score | H40: =_xlfn.NORM.S.INV(H39) -> -1.6448536
B41: =BETA!P41 -> 0.004127156 | C41: =BETA!R41 -> 0.0020330477 | F41: VaR | H41: =H37+(H38*H40) -> -0.70379715
B42: =BETA!P42 -> -6.9545457e-05 | C42: =BETA!R42 -> -0.0021926773
B43: =BETA!P43 -> -0.0096040953 | C43: =BETA!R43 -> 0.0022324997 | E43: Historical Method | I43: ES
B44: =BETA!P44 -> -0.0029596982 | C44: =BETA!R44 -> -0.0031508651 | F44: 0.05 | G44: =_xlfn.PERCENTILE.INC(C3:C1924,F44) -> -0.029403977 | I44: =AVERAGEIF(C3:C1924,"<="&G44) -> -0.045220905
B45: =BETA!P45 -> -0.0082862364 | C45: =BETA!R45 -> -0.0038022099 | F45: 0.01 | G45: =_xlfn.PERCENTILE.INC(C3:C1925,F45) -> -0.049144988
B46: =BETA!P46 -> -0.0070767607 | C46: =BETA!R46 -> -0.015314359
B47: =BETA!P47 -> 0.010877757 | C47: =BETA!R47 -> -0.015387128
B48: =BETA!P48 -> 0.0043208526 | C48: =BETA!R48 -> -0.0061801561
B49: =BETA!P49 -> -0.0015091024 | C49: =BETA!R49 -> -0.0010823413
B50: =BETA!P50 -> -0.0074437749 | C50: =BETA!R50 -> -0.0035884208
B51: =BETA!P51 -> 0.0161545 | C51: =BETA!R51 -> 0.030301606
B52: =BETA!P52 -> -0.0059093388 | C52: =BETA!R52 -> -0.0061015484
B53: =BETA!P53 -> 0.0055119764 | C53: =BETA!R53 -> 0.019115169
B54: =BETA!P54 -> -0.0041457616 | C54: =BETA!R54 -> -0.0087241995
B55: =BETA!P55 -> -0.0029297053 | C55: =BETA!R55 -> 0.0016541934
B56: =BETA!P56 -> -0.0022197274 | C56: =BETA!R56 -> -0.0085423891
B57: =BETA!P57 -> 0.013648086 | C57: =BETA!R57 -> 0.016212647
... B1924: =BETA!P1924 -> -0.0096555113 | C1924: =BETA!R1924 -> 0.00034470872

Sheet Regression-IDFC
B1: Sensex Log return | C1: IDFC Bank Log returns
B3: =BETA!P3 -> 0.018123739 | C3: =BETA!S3 -> -0.039423637 | E3: SUMMARY OUTPUT
B4: =BETA!P4 -> 0.0024707577 | C4: =BETA!S4 -> 0.035392434
B5: =BETA!P5 -> -0.0041051111 | C5: =BETA!S5 -> 0.001053186 | E5: Regression Statistics
B6: =BETA!P6 -> 0.0093840135 | C6: =BETA!S6 -> 0.0061215757 | E6: Multiple R | F6: 0.5562363
B7: =BETA!P7 -> -0.0004206368 | C7: =BETA!S7 -> 0.0093718145 | E7: R Square | F7: 0.30939882
B8: =BETA!P8 -> -0.013931025 | C8: =BETA!S8 -> -0.028027759 | E8: Adjusted R Square | F8: 0.30903913
B9: =BETA!P9 -> -0.0072749034 | C9: =BETA!S9 -> -0.010357235 | E9: Standard Error | F9: 0.02013411
B10: =BETA!P10 -> -0.011845028 | C10: =BETA!S10 -> -0.0052191246 | E10: Observations | F10: 1922
B11: =BETA!P11 -> -0.0019607263 | C11: =BETA!S11 -> -0.014540423
B12: =BETA!P12 -> -0.015137786 | C12: =BETA!S12 -> -0.032185831 | E12: ANOVA
B13: =BETA!P13 -> -0.0046086923 | C13: =BETA!S13 -> 0.011093467 | F13: df | G13: SS | H13: MS | I13: F | J13: Significance F
B14: =BETA!P14 -> 0.0027167852 | C14: =BETA!S14 -> 0.02127543 | E14: Regression | F14: 1 | G14: 0.3487044 | H14: 0.3487044 | I14: 860.18638 | J14: 1.4883153e-156
B15: =BETA!P15 -> 0.00097966633 | C15: =BETA!S15 -> 0.013274129 | E15: Residual | F15: 1920 | G15: 0.77833417 | H15: 0.00040538238
B16: =BETA!P16 -> 0.00017339384 | C16: =BETA!S16 -> 0.018079791 | E16: Total | F16: 1921 | G16: 1.1270386
B17: =BETA!P17 -> 0.0029291135 | C17: =BETA!S17 -> 0.017061358
B18: =BETA!P18 -> 0.00010102731 | C18: =BETA!S18 -> 0.0074711493 | F18: Coefficients | G18: Standard Error | H18: t Stat | I18: P-value | J18: Lower 95% | K18: Upper 95% | L18: Lower 95.0% | M18: Upper 95.0%
B19: =BETA!P19 -> -0.008237484 | C19: =BETA!S19 -> 0.00311096 | E19: Intercept | F19: 0.00055363151 | G19: 0.00045967757 | H19: 1.2043909 | I19: 0.22858695 | J19: -0.00034788829 | K19: 0.0014551513 | L19: -0.00034788829 | M19: 0.0014551513
B20: =BETA!P20 -> -0.010091405 | C20: =BETA!S20 -> -0.019516214 | E20: X Variable 1 | F20: 1.2319305 | G20: 0.042003932 | H20: 29.328934 | I20: 1.4883153e-156 | J20: 1.1495524 | K20: 1.3143087 | L20: 1.1495524 | M20: 1.3143087
B21: =BETA!P21 -> 0.0013145226 | C21: =BETA!S21 -> 0.015019493
B22: =BETA!P22 -> 0.0015334554 | C22: =BETA!S22 -> 0.012060794
B23: =BETA!P23 -> 0.019137651 | C23: =BETA!S23 -> 0.01411468 | F23: Beta
B24: =BETA!P24 -> -0.00013819028 | C24: =BETA!S24 -> -0.0069474142
B25: =BETA!P25 -> -0.0019819333 | C25: =BETA!S25 -> 0.018364597
B26: =BETA!P26 -> 0.011440011 | C26: =BETA!S26 -> 0.012113315
B27: =BETA!P27 -> 0.0056260775 | C27: =BETA!S27 -> 0.011968337
B28: =BETA!P28 -> 0.0026796761 | C28: =BETA!S28 -> -0.022580275 | G28: VAR
B29: =BETA!P29 -> 0.00037141251 | C29: =BETA!S29 -> -0.0078654911 | G29: Mean | H29: =AVERAGE(C3:C1924) -> -2.2978968e-05
B30: =BETA!P30 -> 0.00038785439 | C30: =BETA!S30 -> 0.032724784 | G30: STD dev | H30: =_xlfn.STDEV.S(C3:C1924) -> 0.024221761
B31: =BETA!P31 -> -0.00075887184 | C31: =BETA!S31 -> -0.014742282 | G31: Alpha | H31: 0.05
B32: =BETA!P32 -> 0.0026270714 | C32: =BETA!S32 -> 0.014579667 | G32: Z score | H32: =_xlfn.NORM.S.INV(H31) -> -1.6448536
B33: =BETA!P33 -> 0.00042163994 | C33: =BETA!S33 -> 0.010837146 | G33: VaR | H33: =H29+(H30*H32) -> -0.03986423
B34: =BETA!P34 -> 0.0016071923 | C34: =BETA!S34 -> -0.0084006956
B35: =BETA!P35 -> 0.013257541 | C35: =BETA!S35 -> 0.020394123
B36: =BETA!P36 -> 0.0070681865 | C36: =BETA!S36 -> 0.018583212 | G36: Annualised VAR
B37: =BETA!P37 -> 0.0025394074 | C37: =BETA!S37 -> -0.0056329362 | G37: assume trading days | I37: 252
B38: =BETA!P38 -> 0.0027265515 | C38: =BETA!S38 -> -0.0062962588 | G38: Mean | I38: =AVERAGE(C3:C1924)*I37 -> -0.0057906999
B39: =BETA!P39 -> 0.0039849572 | C39: =BETA!S39 -> -0.019291152 | G39: STD dev | I39: =_xlfn.STDEV.S(C3:C1924)*SQRT(I37) -> 0.38450853
B40: =BETA!P40 -> -0.017938018 | C40: =BETA!S40 -> 0.0022511667 | G40: Alpha | I40: 0.05
B41: =BETA!P41 -> 0.004127156 | C41: =BETA!S41 -> -0.0049915569 | G41: Z score | I41: =_xlfn.NORM.S.INV(I40) -> -1.6448536
B42: =BETA!P42 -> -6.9545457e-05 | C42: =BETA!S42 -> 0.020609404 | G42: VaR | I42: =I38+(I41*I39) -> -0.63825095
B43: =BETA!P43 -> -0.0096040953 | C43: =BETA!S43 -> -0.032953235
B44: =BETA!P44 -> -0.0029596982 | C44: =BETA!S44 -> -0.022643724
B45: =BETA!P45 -> -0.0082862364 | C45: =BETA!S45 -> -0.026252672 | F45: Historical Method | I45: ES
B46: =BETA!P46 -> -0.0070767607 | C46: =BETA!S46 -> -0.02678421 | F46: 0.05 | G46: =_xlfn.PERCENTILE.INC(C3:C1926,F46) -> -0.038240171 | I46: =AVERAGEIF(C3:C1924,"<="&G46) -> -0.057405103
B47: =BETA!P47 -> 0.010877757 | C47: =BETA!S47 -> 0.093176598 | F47: 0.01 | G47: =_xlfn.PERCENTILE.INC(C3:C1927,F47) -> -0.070145315
B48: =BETA!P48 -> 0.0043208526 | C48: =BETA!S48 -> 0.013399467
B49: =BETA!P49 -> -0.0015091024 | C49: =BETA!S49 -> -0.0046057415
B50: =BETA!P50 -> -0.0074437749 | C50: =BETA!S50 -> 0.0080856564
B51: =BETA!P51 -> 0.0161545 | C51: =BETA!S51 -> 0.0077074703
B52: =BETA!P52 -> -0.0059093388 | C52: =BETA!S52 -> -0.019940525
B53: =BETA!P53 -> 0.0055119764 | C53: =BETA!S53 -> 0.0019163213
B54: =BETA!P54 -> -0.0041457616 | C54: =BETA!S54 -> -0.010585504
B55: =BETA!P55 -> -0.0029297053 | C55: =BETA!S55 -> -0.0012907391
B56: =BETA!P56 -> -0.0022197274 | C56: =BETA!S56 -> -0.043051094
B57: =BETA!P57 -> 0.013648086 | C57: =BETA!S57 -> 0.017708448
B58: =BETA!P58 -> 0.0031135686 | C58: =BETA!S58 -> 0.032260862
B59: =BETA!P59 -> 0.0067829034 | C59: =BETA!S59 -> 0.0044792908
... B1924: =BETA!P1924 -> -0.0096555113 | C1924: =BETA!S1924 -> -0.0045599714

Sheet Regression-AU Small
B1: Sensex Log return | C1: AU small finance Log returns
B3: =BETA!P3 -> 0.018123739 | C3: =BETA!T3 -> 0.0088304942 | E3: SUMMARY OUTPUT
B4: =BETA!P4 -> 0.0024707577 | C4: =BETA!T4 -> 0.036367644
B5: =BETA!P5 -> -0.0041051111 | C5: =BETA!T5 -> 0.034307313 | E5: Regression Statistics
B6: =BETA!P6 -> 0.0093840135 | C6: =BETA!T6 -> -0.028014027 | E6: Multiple R | F6: 0.38756394
B7: =BETA!P7 -> -0.0004206368 | C7: =BETA!T7 -> -0.014170552 | E7: R Square | F7: 0.15020581
B8: =BETA!P8 -> -0.013931025 | C8: =BETA!T8 -> -0.013268255 | E8: Adjusted R Square | F8: 0.14976321
B9: =BETA!P9 -> -0.0072749034 | C9: =BETA!T9 -> -0.032866588 | E9: Standard Error | F9: 0.022610946
B10: =BETA!P10 -> -0.011845028 | C10: =BETA!T10 -> 0.0010465726 | E10: Observations | F10: 1922
B11: =BETA!P11 -> -0.0019607263 | C11: =BETA!T11 -> -0.042344644
B12: =BETA!P12 -> -0.015137786 | C12: =BETA!T12 -> -0.024504138 | E12: ANOVA
B13: =BETA!P13 -> -0.0046086923 | C13: =BETA!T13 -> 0.022219785 | F13: df | G13: SS | H13: MS | I13: F | J13: Significance F
B14: =BETA!P14 -> 0.0027167852 | C14: =BETA!T14 -> 0.0086134882 | E14: Regression | F14: 1 | G14: 0.17350487 | H14: 0.17350487 | I14: 339.37059 | J14: 6.4837814e-70
B15: =BETA!P15 -> 0.00097966633 | C15: =BETA!T15 -> 0.028953737 | E15: Residual | F15: 1920 | G15: 0.98160939 | H15: 0.00051125489
B16: =BETA!P16 -> 0.00017339384 | C16: =BETA!T16 -> 0.031578099 | E16: Total | F16: 1921 | G16: 1.1551143
B17: =BETA!P17 -> 0.0029291135 | C17: =BETA!T17 -> 0.010063326
B18: =BETA!P18 -> 0.00010102731 | C18: =BETA!T18 -> 0.016219034 | F18: Coefficients | G18: Standard Error | H18: t Stat | I18: P-value | J18: Lower 95% | K18: Upper 95% | L18: Lower 95.0% | M18: Upper 95.0%
B19: =BETA!P19 -> -0.008237484 | C19: =BETA!T19 -> -0.012276788 | E19: Intercept | F19: 5.7515226e-05 | G19: 0.0005162257 | H19: 0.11141488 | I19: 0.911299 | J19: -0.00095490677 | K19: 0.0010699372 | L19: -0.00095490677 | M19: 0.0010699372
B20: =BETA!P20 -> -0.010091405 | C20: =BETA!T20 -> 0.0034709571 | E20: X Variable 1 | F20: 0.86898713 | G20: 0.047171126 | H20: 18.422014 | I20: 6.4837814e-70 | J20: 0.7764751 | K20: 0.96149916 | L20: 0.7764751 | M20: 0.96149916
B21: =BETA!P21 -> 0.0013145226 | C21: =BETA!T21 -> 0.01672809
B22: =BETA!P22 -> 0.0015334554 | C22: =BETA!T22 -> 0.014422043
B23: =BETA!P23 -> 0.019137651 | C23: =BETA!T23 -> -0.016037407 | F23: Beta
B24: =BETA!P24 -> -0.00013819028 | C24: =BETA!T24 -> -0.060057825
B25: =BETA!P25 -> -0.0019819333 | C25: =BETA!T25 -> 0.016552754
B26: =BETA!P26 -> 0.011440011 | C26: =BETA!T26 -> 0.008593365 | G26: VAR
B27: =BETA!P27 -> 0.0056260775 | C27: =BETA!T27 -> -0.0047545887 | G27: Mean | H27: =AVERAGE(C3:C1924) -> -0.000349218
B28: =BETA!P28 -> 0.0026796761 | C28: =BETA!T28 -> -0.017724608 | G28: STD dev | H28: =_xlfn.STDEV.S(C3:C1924) -> 0.024521599
B29: =BETA!P29 -> 0.00037141251 | C29: =BETA!T29 -> -0.045238977 | G29: Alpha | H29: 0.05
B30: =BETA!P30 -> 0.00038785439 | C30: =BETA!T30 -> 0.038366754 | G30: Z score | H30: =_xlfn.NORM.S.INV(H29) -> -1.6448536
B31: =BETA!P31 -> -0.00075887184 | C31: =BETA!T31 -> 0.024316445 | G31: VaR | H31: =H27+(H28*H30) -> -0.040683659
B32: =BETA!P32 -> 0.0026270714 | C32: =BETA!T32 -> 0.0333686
B33: =BETA!P33 -> 0.00042163994 | C33: =BETA!T33 -> 0.0024380345
B34: =BETA!P34 -> 0.0016071923 | C34: =BETA!T34 -> 0.02897723 | G34: Annualised VAR
B35: =BETA!P35 -> 0.013257541 | C35: =BETA!T35 -> 0.015733299 | G35: assume trading days | I35: 252
B36: =BETA!P36 -> 0.0070681865 | C36: =BETA!T36 -> 0.021078563 | G36: Mean | I36: =AVERAGE(C3:C1924)*I35 -> -0.088002935
B37: =BETA!P37 -> 0.0025394074 | C37: =BETA!T37 -> -0.0099292198 | G37: STD dev | I37: =_xlfn.STDEV.S(C3:C1924)*SQRT(I35) -> 0.38926832
B38: =BETA!P38 -> 0.0027265515 | C38: =BETA!T38 -> 0.015822981 | G38: Alpha | I38: 0.05
B39: =BETA!P39 -> 0.0039849572 | C39: =BETA!T39 -> 0.0071103232 | G39: Z score | I39: =_xlfn.NORM.S.INV(I38) -> -1.6448536
B40: =BETA!P40 -> -0.017938018 | C40: =BETA!T40 -> 0.014974427 | G40: VaR | I40: =I36+(I37*I39) -> -0.72829234
B41: =BETA!P41 -> 0.004127156 | C41: =BETA!T41 -> -0.012975925
B42: =BETA!P42 -> -6.9545457e-05 | C42: =BETA!T42 -> -0.00016638935
B43: =BETA!P43 -> -0.0096040953 | C43: =BETA!T43 -> -0.0080194231
B44: =BETA!P44 -> -0.0029596982 | C44: =BETA!T44 -> -0.00033554232 | G44: Historical Method | I44: ES
B45: =BETA!P45 -> -0.0082862364 | C45: =BETA!T45 -> -0.012240055 | G45: 0.05 | H45: =_xlfn.PERCENTILE.INC(C3:C1924,G45) -> -0.039779381 | I45: =AVERAGEIF(C3:C1924,"<="&H45) -> -0.054286361
B46: =BETA!P46 -> -0.0070767607 | C46: =BETA!T46 -> -0.043838118 | G46: 0.01 | H46: =_xlfn.PERCENTILE.INC(C3:C1925,G46) -> -0.059811843
B47: =BETA!P47 -> 0.010877757 | C47: =BETA!T47 -> 0.053894399
B48: =BETA!P48 -> 0.0043208526 | C48: =BETA!T48 -> -0.0208155
B49: =BETA!P49 -> -0.0015091024 | C49: =BETA!T49 -> 0.037078734
B50: =BETA!P50 -> -0.0074437749 | C50: =BETA!T50 -> 0.0037982045
B51: =BETA!P51 -> 0.0161545 | C51: =BETA!T51 -> -0.0011544489
B52: =BETA!P52 -> -0.0059093388 | C52: =BETA!T52 -> -0.013958352
B53: =BETA!P53 -> 0.0055119764 | C53: =BETA!T53 -> 0.0096586929
B54: =BETA!P54 -> -0.0041457616 | C54: =BETA!T54 -> -0.027640689
B55: =BETA!P55 -> -0.0029297053 | C55: =BETA!T55 -> -0.020395699
B56: =BETA!P56 -> -0.0022197274 | C56: =BETA!T56 -> -0.026071584
B57: =BETA!P57 -> 0.013648086 | C57: =BETA!T57 -> 0.026158522
B58: =BETA!P58 -> 0.0031135686 | C58: =BETA!T58 -> -0.0089068001
... B1924: =BETA!P1924 -> -0.0096555113 | C1924: =BETA!T1924 -> 0

Sheet Regression-SBI
B1: Sensex Log return | C1: SBI Log retuns
B3: =BETA!P3 -> 0.018123739 | C3: =BETA!U3 -> -0.00025920166 | E3: SUMMARY OUTPUT
B4: =BETA!P4 -> 0.0024707577 | C4: =BETA!U4 -> 0.0010364038
B5: =BETA!P5 -> -0.0041051111 | C5: =BETA!U5 -> -0.010805286 | E5: Regression Statistics
B6: =BETA!P6 -> 0.0093840135 | C6: =BETA!U6 -> 0.011517191 | E6: Multiple R | F6: 0.66242096
B7: =BETA!P7 -> -0.0004206368 | C7: =BETA!U7 -> 0.010234055 | E7: R Square | F7: 0.43880153
B8: =BETA!P8 -> -0.013931025 | C8: =BETA!U8 -> -0.035988238 | E8: Adjusted R Square | F8: 0.43850924
B9: =BETA!P9 -> -0.0072749034 | C9: =BETA!U9 -> -0.0048577703 | E9: Standard Error | F9: 0.015825475
B10: =BETA!P10 -> -0.011845028 | C10: =BETA!U10 -> -0.0059545889 | E10: Observations | F10: 1922
B11: =BETA!P11 -> -0.0019607263 | C11: =BETA!U11 -> -0.011337684
B12: =BETA!P12 -> -0.015137786 | C12: =BETA!U12 -> -0.018564084 | E12: ANOVA
B13: =BETA!P13 -> -0.0046086923 | C13: =BETA!U13 -> 0.0064783135 | F13: df | G13: SS | H13: MS | I13: F | J13: Significance F
B14: =BETA!P14 -> 0.0027167852 | C14: =BETA!U14 -> -0.0066166069 | E14: Regression | F14: 1 | G14: 0.37598144 | H14: 0.37598144 | I14: 1501.2495 | J14: 3.8961055e-243
B15: =BETA!P15 -> 0.00097966633 | C15: =BETA!U15 -> 0.0093606575 | E15: Residual | F15: 1920 | G15: 0.48085568 | H15: 0.00025044567
B16: =BETA!P16 -> 0.00017339384 | C16: =BETA!U16 -> -0.0013024852 | E16: Total | F16: 1921 | G16: 0.85683712
B17: =BETA!P17 -> 0.0029291135 | C17: =BETA!U17 -> 0.0052680312
B18: =BETA!P18 -> 0.00010102731 | C18: =BETA!U18 -> -0.00095576195 | F18: Coefficients | G18: Standard Error | H18: t Stat | I18: P-value | J18: Lower 95% | K18: Upper 95% | L18: Lower 95.0% | M18: Upper 95.0%
B19: =BETA!P19 -> -0.008237484 | C19: =BETA!U19 -> -0.0023249463 | E19: Intercept | F19: 5.9328299e-05 | G19: 0.00036130806 | H19: 0.1642042 | I19: 0.86958768 | J19: -0.00064926917 | K19: 0.00076792577 | L19: -0.00064926917 | M19: 0.00076792577
B20: =BETA!P20 -> -0.010091405 | C20: =BETA!U20 -> -0.019773874 | E20: X Variable 1 | F20: 1.2792067 | G20: 0.033015226 | H20: 38.745961 | I20: 3.8961055e-243 | J20: 1.2144572 | K20: 1.3439561 | L20: 1.2144572 | M20: 1.3439561
B21: =BETA!P21 -> 0.0013145226 | C21: =BETA!U21 -> -0.02940659
B22: =BETA!P22 -> 0.0015334554 | C22: =BETA!U22 -> -0.009392454
B23: =BETA!P23 -> 0.019137651 | C23: =BETA!U23 -> 0.021685348 | F23: Beta
B24: =BETA!P24 -> -0.00013819028 | C24: =BETA!U24 -> 0.0098954723
B25: =BETA!P25 -> -0.0019819333 | C25: =BETA!U25 -> 0.0077068973
B26: =BETA!P26 -> 0.011440011 | C26: =BETA!U26 -> 0.0077864687 | G26: VAR
B27: =BETA!P27 -> 0.0056260775 | C27: =BETA!U27 -> 0.010608352 | G27: Mean | H27: =AVERAGE(C3:C1924) -> -0.00053940997
B28: =BETA!P28 -> 0.0026796761 | C28: =BETA!U28 -> -0.0032944436 | G28: STD dev | H28: =_xlfn.STDEV.S(C3:C1924) -> 0.021119589
B29: =BETA!P29 -> 0.00037141251 | C29: =BETA!U29 -> -0.0020645524 | G29: Alpha | H29: 0.05
B30: =BETA!P30 -> 0.00038785439 | C30: =BETA!U30 -> 0.0026143806 | G30: Z score | H30: =_xlfn.NORM.S.INV(H29) -> -1.6448536
B31: =BETA!P31 -> -0.00075887184 | C31: =BETA!U31 -> -0.0076560018 | G31: VaR | H31: =H27+(H28*H30) -> -0.035278042
B32: =BETA!P32 -> 0.0026270714 | C32: =BETA!U32 -> 0.0075872898
B33: =BETA!P33 -> 0.00042163994 | C33: =BETA!U33 -> 0.0075301561
B34: =BETA!P34 -> 0.0016071923 | C34: =BETA!U34 -> -0.0028000701 | G34: Annualised VAR
B35: =BETA!P35 -> 0.013257541 | C35: =BETA!U35 -> 0.0077662356 | G35: assume trading days | I35: 252
B36: =BETA!P36 -> 0.0070681865 | C36: =BETA!U36 -> 0.00054274085 | G36: Mean | I36: =AVERAGE(C3:C1924)*I35 -> -0.13593131
B37: =BETA!P37 -> 0.0025394074 | C37: =BETA!U37 -> 0.02020949 | G37: STD dev | I37: =_xlfn.STDEV.S(C3:C1924)*SQRT(I35) -> 0.33526308
B38: =BETA!P38 -> 0.0027265515 | C38: =BETA!U38 -> 0.018178726 | G38: Alpha | I38: 0.05
B39: =BETA!P39 -> 0.0039849572 | C39: =BETA!U39 -> 0.017020311 | G39: Z score | I39: =_xlfn.NORM.S.INV(I38) -> -1.6448536
B40: =BETA!P40 -> -0.017938018 | C40: =BETA!U40 -> -0.0237001 | G40: VaR | I40: =I36+(I37*I39) -> -0.68739
B41: =BETA!P41 -> 0.004127156 | C41: =BETA!U41 -> 0.0066145171
B42: =BETA!P42 -> -6.9545457e-05 | C42: =BETA!U42 -> 0.0089675044
B43: =BETA!P43 -> -0.0096040953 | C43: =BETA!U43 -> -0.013416027
B44: =BETA!P44 -> -0.0029596982 | C44: =BETA!U44 -> -0.0054567704 | G44: Historical Method | I44: ES
B45: =BETA!P45 -> -0.0082862364 | C45: =BETA!U45 -> -0.0080087796 | G45: 0.05 | H45: =_xlfn.PERCENTILE.INC(C3:C1924,G45) -> -0.031801182 | I45: =AVERAGEIF(C3:C1924,"<="&H45) -> -0.048007463
B46: =BETA!P46 -> -0.0070767607 | C46: =BETA!U46 -> -0.0042621269 | G46: 0.01 | H46: =_xlfn.PERCENTILE.INC(C3:C1925,G46) -> -0.053825618
B47: =BETA!P47 -> 0.010877757 | C47: =BETA!U47 -> -0.0067633432
B48: =BETA!P48 -> 0.0043208526 | C48: =BETA!U48 -> 0.0023489155
B49: =BETA!P49 -> -0.0015091024 | C49: =BETA!U49 -> 0.010071116
B50: =BETA!P50 -> -0.0074437749 | C50: =BETA!U50 -> 0.0074049925
B51: =BETA!P51 -> 0.0161545 | C51: =BETA!U51 -> 0.026264267
B52: =BETA!P52 -> -0.0059093388 | C52: =BETA!U52 -> -0.019633248
B53: =BETA!P53 -> 0.0055119764 | C53: =BETA!U53 -> 0.0028750673
B54: =BETA!P54 -> -0.0041457616 | C54: =BETA!U54 -> -0.016579327
B55: =BETA!P55 -> -0.0029297053 | C55: =BETA!U55 -> -0.0073909182
B56: =BETA!P56 -> -0.0022197274 | C56: =BETA!U56 -> -0.025244125
B57: =BETA!P57 -> 0.013648086 | C57: =BETA!U57 -> 0.018673094
B58: =BETA!P58 -> 0.0031135686 | C58: =BETA!U58 -> 0.022877901
... B1924: =BETA!P1924 -> -0.0096555113 | C1924: =BETA!U1924 -> -0.0043755767

Sheet Regression-Bank of Baroda
B1: Sensex Log return | C1: Bank of Baroda Log returns
B3: =BETA!P3 -> 0.018123739 | C3: =BETA!V3 -> -0.00021876572 | E3: SUMMARY OUTPUT
B4: =BETA!P4 -> 0.0024707577 | C4: =BETA!V4 -> 0.010663634
B5: =BETA!P5 -> -0.0041051111 | C5: =BETA!V5 -> -0.047159319 | E5: Regression Statistics
B6: =BETA!P6 -> 0.0093840135 | C6: =BETA!V6 -> 0.012313816 | E6: Multiple R | F6: 0.52281835
B7: =BETA!P7 -> -0.0004206368 | C7: =BETA!V7 -> 0.0062564444 | E7: R Square | F7: 0.27333903
B8: =BETA!P8 -> -0.013931025 | C8: =BETA!V8 -> -0.035228159 | E8: Adjusted R Square | F8: 0.27296056
B9: =BETA!P9 -> -0.0072749034 | C9: =BETA!V9 -> -0.0048571854 | E9: Standard Error | F9: 0.022663322
B10: =BETA!P10 -> -0.011845028 | C10: =BETA!V10 -> -0.0088028327 | E10: Observations | F10: 1922
B11: =BETA!P11 -> -0.0019607263 | C11: =BETA!V11 -> -0.020894166
B12: =BETA!P12 -> -0.015137786 | C12: =BETA!V12 -> -0.017346489 | E12: ANOVA
B13: =BETA!P13 -> -0.0046086923 | C13: =BETA!V13 -> -0.0010698829 | F13: df | G13: SS | H13: MS | I13: F | J13: Significance F
B14: =BETA!P14 -> 0.0027167852 | C14: =BETA!V14 -> -0.015297415 | E14: Regression | F14: 1 | G14: 0.37095239 | H14: 0.37095239 | I14: 722.22255 | J14: 2.6293284e-135
B15: =BETA!P15 -> 0.00097966633 | C15: =BETA!V15 -> 0.00079020154 | E15: Residual | F15: 1920 | G15: 0.98616222 | H15: 0.00051362616
B16: =BETA!P16 -> 0.00017339384 | C16: =BETA!V16 -> 0.0072309029 | E16: Total | F16: 1921 | G16: 1.3571146
B17: =BETA!P17 -> 0.0029291135 | C17: =BETA!V17 -> 0.0091235722
B18: =BETA!P18 -> 0.00010102731 | C18: =BETA!V18 -> 0.0061008275 | F18: Coefficients | G18: Standard Error | H18: t Stat | I18: P-value | J18: Lower 95% | K18: Upper 95% | L18: Lower 95.0% | M18: Upper 95.0%
B19: =BETA!P19 -> -0.008237484 | C19: =BETA!V19 -> -0.0094088671 | E19: Intercept | F19: 0.00041446411 | G19: 0.00051742147 | H19: 0.80101838 | I19: 0.42322012 | J19: -0.00060030304 | K19: 0.0014292313 | L19: -0.00060030304 | M19: 0.0014292313
B20: =BETA!P20 -> -0.010091405 | C20: =BETA!V20 -> -0.046376162 | E20: X Variable 1 | F20: 1.2706227 | G20: 0.047280393 | H20: 26.874199 | I20: 2.6293284e-135 | J20: 1.1778963 | K20: 1.363349 | L20: 1.1778963 | M20: 1.363349
B21: =BETA!P21 -> 0.0013145226 | C21: =BETA!V21 -> -5.1042544e-05
B22: =BETA!P22 -> 0.0015334554 | C22: =BETA!V22 -> 0.0059036255
B23: =BETA!P23 -> 0.019137651 | C23: =BETA!V23 -> 0.03053329 | F23: Beta
B24: =BETA!P24 -> -0.00013819028 | C24: =BETA!V24 -> 0.0077951124
B25: =BETA!P25 -> -0.0019819333 | C25: =BETA!V25 -> 0.01867495
B26: =BETA!P26 -> 0.011440011 | C26: =BETA!V26 -> 0.007830071 | G26: VAR
B27: =BETA!P27 -> 0.0056260775 | C27: =BETA!V27 -> 0.015572229 | G27: Mean | H27: =AVERAGE(C3:C1924) -> -0.00018025638
B28: =BETA!P28 -> 0.0026796761 | C28: =BETA!V28 -> -0.02215685 | G28: STD dev | H28: =_xlfn.STDEV.S(C3:C1924) -> 0.026579364
B29: =BETA!P29 -> 0.00037141251 | C29: =BETA!V29 -> -0.013494831 | G29: Alpha | H29: 0.05
B30: =BETA!P30 -> 0.00038785439 | C30: =BETA!V30 -> 0.0042125713 | G30: Z score | H30: =_xlfn.NORM.S.INV(H29) -> -1.6448536
B31: =BETA!P31 -> -0.00075887184 | C31: =BETA!V31 -> -0.0087353754 | G31: VaR | H31: =H27+(H28*H30) -> -0.043899419
B32: =BETA!P32 -> 0.0026270714 | C32: =BETA!V32 -> 0.027119654
B33: =BETA!P33 -> 0.00042163994 | C33: =BETA!V33 -> 0.0082203893
B34: =BETA!P34 -> 0.0016071923 | C34: =BETA!V34 -> -0.0083152704
B35: =BETA!P35 -> 0.013257541 | C35: =BETA!V35 -> 0.020892288 | G35: Annualised VAR
B36: =BETA!P36 -> 0.0070681865 | C36: =BETA!V36 -> 0.0050515691 | G36: assume trading days | I36: 252
B37: =BETA!P37 -> 0.0025394074 | C37: =BETA!V37 -> 0.015549702 | G37: Mean | I37: =AVERAGE(C3:C1924)*I36 -> -0.045424607
B38: =BETA!P38 -> 0.0027265515 | C38: =BETA!V38 -> 0.0014099563 | G38: STD dev | I38: =_xlfn.STDEV.S(C3:C1924)*SQRT(I36) -> 0.42193432
B39: =BETA!P39 -> 0.0039849572 | C39: =BETA!V39 -> -0.032942851 | G39: Alpha | I39: 0.05
B40: =BETA!P40 -> -0.017938018 | C40: =BETA!V40 -> -0.023285599 | G40: Z score | I40: =_xlfn.NORM.S.INV(I39) -> -1.6448536
B41: =BETA!P41 -> 0.004127156 | C41: =BETA!V41 -> 0.01360955 | G41: VaR | I41: =I37+(I38*I40) -> -0.7394448
B42: =BETA!P42 -> -6.9545457e-05 | C42: =BETA!V42 -> 0.012021925
B43: =BETA!P43 -> -0.0096040953 | C43: =BETA!V43 -> 0.04131112
B44: =BETA!P44 -> -0.0029596982 | C44: =BETA!V44 -> 0.00089891687
B45: =BETA!P45 -> -0.0082862364 | C45: =BETA!V45 -> -0.0037357982 | G45: Historical Method | Q45: ES
B46: =BETA!P46 -> -0.0070767607 | C46: =BETA!V46 -> -0.0096969358 | G46: 0.05 | H46: =_xlfn.PERCENTILE.INC(C3:C1924,G46) -> -0.040542182 | Q46: =AVERAGEIF(C3:C1924,"<="&H46) -> -0.059543721
B47: =BETA!P47 -> 0.010877757 | C47: =BETA!V47 -> 0.02513452 | G47: 0.01 | H47: =_xlfn.PERCENTILE.INC(C3:C1925,G47) -> -0.068859416
B48: =BETA!P48 -> 0.0043208526 | C48: =BETA!V48 -> 0.017387149
B49: =BETA!P49 -> -0.0015091024 | C49: =BETA!V49 -> -0.0034095413
B50: =BETA!P50 -> -0.0074437749 | C50: =BETA!V50 -> 0.0053713092
B51: =BETA!P51 -> 0.0161545 | C51: =BETA!V51 -> 0.010872262
B52: =BETA!P52 -> -0.0059093388 | C52: =BETA!V52 -> -0.01790885
B53: =BETA!P53 -> 0.0055119764 | C53: =BETA!V53 -> 0.0037211381
B54: =BETA!P54 -> -0.0041457616 | C54: =BETA!V54 -> -0.030299299
B55: =BETA!P55 -> -0.0029297053 | C55: =BETA!V55 -> 0.007627802
B56: =BETA!P56 -> -0.0022197274 | C56: =BETA!V56 -> -0.027323238
B57: =BETA!P57 -> 0.013648086 | C57: =BETA!V57 -> 0.034804569
B58: =BETA!P58 -> 0.0031135686 | C58: =BETA!V58 -> 0.024714254
B59: =BETA!P59 -> 0.0067829034 | C59: =BETA!V59 -> 0.0082329826
... B1924: =BETA!P1924 -> -0.0096555113 | C1924: =BETA!V1924 -> -0.0012364762

Sheet Credit Assessment
B1: Bank Name | C1: Year | D1: Gross NPA % | E1: Net NPA % | F1: PCR % | G1: GNPA (₹ Cr) | H1: NNPA (₹ Cr) | I1: Provisions (₹ Cr) | J1: Advances (₹ Cr) | K1: Accretions (₹ Cr) | L1: Write offs other than those under technical/prudential Write offs of gross NPAs | M1: Technical/Prudential Write offs of gross NPAs | N1: Total Write Offs | O1: Upgradations of Gross NPAs | P1: Recoveries (excluding recoveries made from upgraded accounts) of gross NPAs | Q1: Total Recoveries & Upgradations | R1: Slippage Ratio (Accretions to Advances) | S1: Recoveries & Upgradations to GNPA % | T1: WriteOffs to GNPA% | U1: Upgradations to GNPA % | V1: Recoveries to GNPA % | W1: GNPA to Advances% | X1: Write Off to Advances % | Y1: Recoveries to Advances %
B2: Axis Bank Ltd. | C2: 2016 | D2: 1.75 | E2: 0.7 | F2: 72.27 | G2: 6087.51 | H2: 2522.14 | I2: 12205.72 | J2: 373069.35 | K2: 2895.59 | L2: 1788.52 | M2: 1534.01 | N2: =L2+M2 -> 3322.53 | O2: 341.87 | P2: 1702.84 | Q2: =O2+P2 -> 2044.71 | R2: =K2/J2 -> 0.0077615328 | S2: =Q2/G2 -> 0.3358861 | T2: =N2/G2 -> 0.54579459 | U2: =O2/G2 -> 0.056159251 | V2: =P2/G2 -> 0.27972685 | W2: =G2/J2 -> 0.016317368 | X2: =N2/J2 -> 0.0089059313 | Y2: =P2/J2 -> 0.0045644061
C3: 2017 | D3: 5.04 | E3: 2.11 | F3: 64.79 | G3: 21280.48 | H3: 8626.55 | I3: 17355.95 | J3: 439650.31 | K3: 10583.44 | L3: 1718.08 | M3: 504.01 | N3: =L3+M3 -> 2222.09 | O3: 2365.78 | P3: 2000.95 | Q3: =O3+P3 -> 4366.73 | R3: =K3/J3 -> 0.024072404 | S3: =Q3/G3 -> 0.20519885 | T3: =N3/G3 -> 0.10441917 | U3: =O3/G3 -> 0.11117136 | V3: =P3/G3 -> 0.094027484 | W3: =G3/J3 -> 0.048403196 | X3: =N3/J3 -> 0.0050542214 | Y3: =P3/J3 -> 0.0045512307
C4: 2018 | D4: 6.77 | E4: 3.4 | F4: 65.05 | G4: 34248.64 | H4: 16591.71 | I4: 18350.79 | J4: 494797.97 | K4: 17104.67 | L4: 1537.7 | M4: 10150.15 | N4: =L4+M4 -> 11687.85 | O4: 4909.84 | P4: 3853.15 | Q4: =O4+P4 -> 8762.99 | R4: =K4/J4 -> 0.034568998 | S4: =Q4/G4 -> 0.25586388 | T4: =N4/G4 -> 0.34126465 | U4: =O4/G4 -> 0.14335869 | V4: =P4/G4 -> 0.1125052 | W4: =G4/J4 -> 0.069217422 | X4: =N4/J4 -> 0.023621459 | Y4: =P4/J4 -> 0.0077873197
C5: 2019 | D5: 5.26 | E5: 2.06 | F5: 77 | G5: 29789.44 | H5: 11275.6 | I5: 20802.68 | J5: 571424.16 | K5: 9976.79 | L5: 1538.36 | M5: 7498.86 | N5: =L5+M5 -> 9037.22 | O5: 5073.6 | P5: 4027.24 | Q5: =O5+P5 -> 9100.84 | R5: =K5/J5 -> 0.017459517 | S5: =Q5/G5 -> 0.30550558 | T5: =N5/G5 -> 0.30336992 | U5: =O5/G5 -> 0.17031539 | V5: =P5/G5 -> 0.13519019 | W5: =G5/J5 -> 0.052131922 | X5: =N5/J5 -> 0.015815257 | Y5: =P5/J5 -> 0.0070477244
C6: 2020 | D6: 5.07 | E6: 1.63 | F6: 83 | G6: 30233.82 | H6: 9360.41 | I6: 18407.62 | J6: 623720.19 | K6: 12244.08 | L6: 2459.4 | M6: 7709.87 | N6: =L6+M6 -> 10169.27 | O6: 6586.14 | P6: 2715.22 | Q6: =O6+P6 -> 9301.36 | R6: =K6/J6 -> 0.019630726 | S6: =Q6/G6 -> 0.30764753 | T6: =N6/G6 -> 0.33635412 | U6: =O6/G6 -> 0.21784015 | V6: =P6/G6 -> 0.089807375 | W6: =G6/J6 -> 0.048473371 | X6: =N6/J6 -> 0.016304218 | Y6: =P6/J6 -> 0.0043532662
C7: 2021 | D7: 3.94 | E7: 1.14 | F7: 72 | G7: 25314.84 | H7: 6993.52 | I7: 16141.28 | J7: 707695.95 | K7: 11303.73 | L7: 3875.61 | M7: 10030.53 | N7: =L7+M7 -> 13906.14 | O7: 5264.77 | P7: 2994.67 | Q7: =O7+P7 -> 8259.44 | R7: =K7/J7 -> 0.01597258 | S7: =Q7/G7 -> 0.3262687 | T7: =N7/G7 -> 0.54932759 | U7: =O7/G7 -> 0.20797169 | V7: =P7/G7 -> 0.11829701 | W7: =G7/J7 -> 0.035770785 | X7: =N7/J7 -> 0.019649879 | Y7: =P7/J7 -> 0.0042315771
C8: 2022 | D8: 2.98 | E8: 0.77 | F8: 75 | G8: 21822.32 | H8: 5512.16 | I8: 14883.37 | J8: 845302.84 | K8: 7689.09 | L8: 1535.17 | M8: 7716.9 | N8: =L8+M8 -> 9252.07 | O8: 10990.39 | P8: 3359.81 | Q8: =O8+P8 -> 14350.2 | R8: =K8/J8 -> 0.0090962548 | S8: =Q8/G8 -> 0.65759278 | T8: =N8/G8 -> 0.42397279 | U8: =O8/G8 -> 0.50363069 | V8: =P8/G8 -> 0.15396209 | W8: =G8/J8 -> 0.025815979 | X8: =N8/J8 -> 0.010945273 | Y8: =P8/J8 -> 0.003974682
C9: 2023 | D9: 2.12 | E9: 0.42 | F9: 0 | G9: 18604.23 | H9: 3558.92 | I9: 11876.4 | J9: 965068.38 | K9: 6839.59 | L9: 1773.09 | M9: 5520.28 | N9: =L9+M9 -> 7293.37 | O9: 6600.53 | P9: 3969.22 | Q9: =O9+P9 -> 10569.75 | R9: =K9/J9 -> 0.0070871558 | S9: =Q9/G9 -> 0.56813692 | T9: =N9/G9 -> 0.39202751 | U9: =O9/G9 -> 0.35478652 | V9: =P9/G9 -> 0.2133504 | W9: =G9/J9 -> 0.019277629 | X9: =N9/J9 -> 0.0075573609 | Y9: =P9/J9 -> 0.0041128899
C10: 2024 | D10: 1.51 | E10: 0.33 | F10: 79 | G10: 15127.12 | H10: 3247.47 | I10: 10801.41 | J10: 1040811.3 | K10: 6371.05 | L10: 2896.01 | M10: 5968.9 | N10: =L10+M10 -> 8864.91 | O10: 6130.97 | P10: 2911.79 | Q10: =O10+P10 -> 9042.76 | R10: =K10/J10 -> 0.0061212343 | S10: =Q10/G10 -> 0.59778464 | T10: =N10/G10 -> 0.58602761 | U10: =O10/G10 -> 0.40529658 | V10: =P10/G10 -> 0.19248806 | W10: =G10/J10 -> 0.01453397 | X10: =N10/J10 -> 0.0085173074 | Y10: =P10/J10 -> 0.0027976156
C11: 2025 | D11: 1.36 | E11: 0.35 | F11: 75 | G11: 15127.12 | H11: 3685.45 | I11: 10801.41 | J11: 1040811.3 | K11: 12138.53 | L11: 5007.96 | M11: 6824.31 | N11: =L11+M11 -> 11832.27 | O11: 4626.58 | P11: 3651.82 | Q11: =O11+P11 -> 8278.4 | R11: =K11/J11 -> 0.011662565 | S11: =Q11/G11 -> 0.54725553 | T11: =N11/G11 -> 0.78218921 | U11: =O11/G11 -> 0.30584672 | V11: =P11/G11 -> 0.24140881 | W11: =G11/J11 -> 0.01453397 | X11: =N11/J11 -> 0.011368314 | Y11: =P11/J11 -> 0.0035086282
B12: ICICI Bank Ltd. | C12: 2016 | D12: 5.82 | E12: 2.98 | F12: 50.6 | G12: 26221.25 | H12: 12963.08 | I12: 16942.58 | J12: 464232.08 | K12: 8073.2 | L12: 927.76 | M12: 2027.58 | N12: =L12+M12 -> 2955.34 | O12: 1123.98 | P12: 1504.97 | Q12: =O12+P12 -> 2628.95 | R12: =K12/J12 -> 0.01739044 | S12: =Q12/G12 -> 0.10026029 | T12: =N12/G12 -> 0.11270782 | U12: =O12/G12 -> 0.042865233 | V12: =P12/G12 -> 0.057395052 | W12: =G12/J12 -> 0.056483063 | X12: =N12/J12 -> 0.0063660831 | Y12: =P12/J12 -> 0.0032418483
C13: 2017 | D13: 7.89 | E13: 4.89 | F13: 40.2 | G13: 42159.39 | H13: 25216.81 | I13: 25416.62 | J13: 512395.29 | K13: 16160.44 | L13: 4906.13 | M13: 7285.78 | N13: =L13+M13 -> 12191.91 | O13: 970.34 | P13: 4446.22 | Q13: =O13+P13 -> 5416.56 | R13: =K13/J13 -> 0.03153901 | S13: =Q13/G13 -> 0.12847814 | T13: =N13/G13 -> 0.28918611 | U13: =O13/G13 -> 0.023015988 | V13: =P13/G13 -> 0.10546215 | W13: =G13/J13 -> 0.082279035 | X13: =N13/J13 -> 0.023793954 | Y13: =P13/J13 -> 0.0086773241
C14: 2018 | D14: 8.84 | E14: 4.77 | F14: 47.7 | G14: 53240.18 | H14: 27823.56 | I14: 32226.32 | J14: 586646.58 | K14: 19864.95 | L14: 1596.59 | M14: 6772.07 | N14: =L14+M14 -> 8368.66 | O14: 3866.82 | P14: 5318.68 | Q14: =O14+P14 -> 9185.5 | R14: =K14/J14 -> 0.03386187 | S14: =Q14/G14 -> 0.17252947 | T14: =N14/G14 -> 0.15718692 | U14: =O14/G14 -> 0.072629732 | V14: =P14/G14 -> 0.099899737 | W14: =G14/J14 -> 0.090753414 | X14: =N14/J14 -> 0.01426525 | Y14: =P14/J14 -> 0.0090662422
C15: 2019 | D15: 6.7 | E15: 2.06 | F15: 80.7 | G15: 45676.04 | H15: 13449.72 | I15: 30905.85 | J15: 645289.97 | K15: 19739.14 | L15: 1293.29 | M15: 10263.84 | N15: =L15+M15 -> 11557.13 | O15: 1190.36 | P15: 5412.61 | Q15: =O15+P15 -> 6602.97 | R15: =K15/J15 -> 0.030589566 | S15: =Q15/G15 -> 0.14456091 | T15: =N15/G15 -> 0.2530239 | U15: =O15/G15 -> 0.026060928 | V15: =P15/G15 -> 0.11849998 | W15: =G15/J15 -> 0.070783744 | X15: =N15/J15 -> 0.017909979 | Y15: =P15/J15 -> 0.0083878725
C16: 2020 | D16: 5.53 | E16: 1.41 | F16: 86.8 | G16: 40829.09 | H16: 9923.24 | I16: 31723.58 | J16: 733729.09 | K16: 14186.24 | L16: 682.15 | M16: 10269.71 | N16: =L16+M16 -> 10951.86 | O16: 1154.21 | P16: 6542.88 | Q16: =O16+P16 -> 7697.09 | R16: =K16/J16 -> 0.019334439 | S16: =Q16/G16 -> 0.18851975 | T16: =N16/G16 -> 0.26823669 | U16: =O16/G16 -> 0.028269305 | V16: =P16/G16 -> 0.16025045 | W16: =G16/J16 -> 0.055646001 | X16: =N16/J16 -> 0.014926299 | Y16: =P16/J16 -> 0.0089172967
C17: 2021 | D17: 4.96 | E17: 1.14 | F17: 77.7 | G17: 40841.42 | H17: 9117.66 | I17: 26363.69 | J17: 859020.44 | K17: 13351.53 | L17: 365.14 | M17: 9141.49 | N17: =L17+M17 -> 9506.63 | O17: 1754.62 | P17: 4774.64 | Q17: =O17+P17 -> 6529.26 | R17: =K17/J17 -> 0.015542738 | S17: =Q17/G17 -> 0.15986858 | T17: =N17/G17 -> 0.23276933 | U17: =O17/G17 -> 0.042961778 | V17: =P17/G17 -> 0.11690681 | W17: =G17/J17 -> 0.047544177 | X17: =N17/J17 -> 0.011066826 | Y17: =P17/J17 -> 0.0055582379
C18: 2022 | D18: 3.6 | E18: 0.76 | F18: 79.2 | G18: 33294.92 | H18: 6931.04 | I18: 24835.81 | J18: 1019638.3 | K18: 12188.33 | L18: 988 | M18: 9159.79 | N18: =L18+M18 -> 10147.79 | O18: 10443.82 | P18: 6245.9 | Q18: =O18+P18 -> 16689.72 | R18: =K18/J18 -> 0.011953582 | S18: =Q18/G18 -> 0.50126926 | T18: =N18/G18 -> 0.30478493 | U18: =O18/G18 -> 0.31367608 | V18: =P18/G18 -> 0.18759318 | W18: =G18/J18 -> 0.032653657 | X18: =N18/J18 -> 0.0099523428 | Y18: =P18/J18 -> 0.0061256035
C19: 2023 | D19: 2.81 | E19: 0.48 | F19: 82.8 | G19: 29986.07 | H19: 5150.07 | I19: 21935.88 | J19: 1184406.4 | K19: 11617.08 | L19: 942.34 | M19: 3578.86 | N19: =L19+M19 -> 4521.2 | O19: 9062.93 | P19: 8034.1 | Q19: =O19+P19 -> 17097.03 | R19: =K19/J19 -> 0.0098083564 | S19: =Q19/G19 -> 0.57016575 | T19: =N19/G19 -> 0.15077668 | U19: =O19/G19 -> 0.30223801 | V19: =P19/G19 -> 0.26792774 | W19: =G19/J19 -> 0.025317383 | X19: =N19/J19 -> 0.0038172709 | Y19: =P19/J19 -> 0.0067832292
C20: 2024 | D20: 2.16 | E20: 0.42 | F20: 80.3 | G20: 27313.87 | H20: 5377.79 | I20: 17933.5 | J20: 1341766.2 | K20: 11851.22 | L20: 931.32 | M20: 5266.93 | N20: =L20+M20 -> 6198.25 | O20: 9229.93 | P20: 6242.81 | Q20: =O20+P20 -> 15472.74 | R20: =K20/J20 -> 0.0088325525 | S20: =Q20/G20 -> 0.56647923 | T20: =N20/G20 -> 0.22692683 | U20: =O20/G20 -> 0.33792099 | V20: =P20/G20 -> 0.22855824 | W20: =G20/J20 -> 0.020356654 | X20: =N20/J20 -> 0.0046194711 | Y20: =P20/J20 -> 0.0046526811
C21: 2025 | D21: 1.67 | E21: 0.39 | F21: 76.2 | G21: 23523.1 | H21: 5589.41 | I21: 17933.5 | J21: 1341766.2 | K21: 13481.49 | L21: 1897.44 | M21: 8297.5 | N21: =L21+M21 -> 10194.94 | O21: 5731.47 | P21: 8065.49 | Q21: =O21+P21 -> 13796.96 | R21: =K21/J21 -> 0.01004757 | S21: =Q21/G21 -> 0.58652814 | T21: =N21/G21 -> 0.43340121 | U21: =O21/G21 -> 0.24365283 | V21: =P21/G21 -> 0.3428753 | W21: =G21/J21 -> 0.017531445 | X21: =N21/J21 -> 0.0075981496 | Y21: =P21/J21 -> 0.0060110996
B22: IDFC First Bank | C22: 2016 | D22: 6.16 | E22: 2.39 | F22: 0 | G22: 3058.3 | H22: 1139.04 | I22: 1919.26 | J22: 73336.27 | K22: 2236.46 | L22: 0 | M22: 0 | N22: 0 | O22: 65.9 | P22: 17.25 | Q22: =O22+P22 -> 83.15 | R22: =K22/J22 -> 0.030495961 | S22: =Q22/G22 -> 0.027188307 | T22: =N22/G22 -> 0 | U22: =O22/G22 -> 0.021547919 | V22: =P22/G22 -> 0.0056403885 | W22: =G22/J22 -> 0.041702421 | X22: =N22/J22 -> 0 | Y22: =P22/J22 -> 0.00023521785
C23: 2017 | D23: 2.99 | E23: 1.14 | F23: 0 | G23: 1542.1 | H23: 576.47 | I23: 965.63 | J23: 91957.47 | K23: 555.55 | L23: 0 | M23: 0.01 | N23: =L23+M23 -> 0.01 | O23: 0 | P23: 96.09 | Q23: =O23+P23 -> 96.09 | R23: =K23/J23 -> 0.0060413798 | S23: =Q23/G23 -> 0.062311134 | T23: =N23/G23 -> 6.4846638e-06 | U23: =O23/G23 -> 0 | V23: =P23/G23 -> 0.062311134 | W23: =G23/J23 -> 0.016769709 | X23: =N23/J23 -> 1.0874592e-07 | Y23: =P23/J23 -> 0.0010449396
C24: 2018 | D24: 3.31 | E24: 1.69 | F24: 76 | G24: 1779.05 | H24: 891.16 | I24: 887.89 | J24: 110222.95 | K24: 427.88 | L24: 0 | M24: 997.83 | N24: =L24+M24 -> 997.83 | O24: 0.25 | P24: 16.55 | Q24: =O24+P24 -> 16.8 | R24: =K24/J24 -> 0.0038819502 | S24: =Q24/G24 -> 0.0094432422 | T24: =N24/G24 -> 0.560878 | U24: =O24/G24 -> 0.00014052444 | V24: =P24/G24 -> 0.0093027177 | W24: =G24/J24 -> 0.016140468 | X24: =N24/J24 -> 0.0090528334 | Y24: =P24/J24 -> 0.00015015022
C25: 2019 | D25: 2.43 | E25: 1.27 | F25: 55.9 | G25: 2136.04 | H25: 1106.63 | I25: 1029.41 | J25: 122267.91 | K25: 0 | L25: 0 | M25: 316.45 | N25: =L25+M25 -> 316.45 | O25: 72.64 | P25: 220.27 | Q25: =O25+P25 -> 292.91 | R25: =K25/J25 -> 0 | S25: =Q25/G25 -> 0.13712758 | T25: =N25/G25 -> 0.14814797 | U25: =O25/G25 -> 0.034006854 | V25: =P25/G25 -> 0.10312073 | W25: =G25/J25 -> 0.01747016 | X25: =N25/J25 -> 0.0025881689 | Y25: =P25/J25 -> 0.0018015357
C26: 2020 | D26: 2.6 | E26: 0.94 | F26: 64.53 | G26: 2279.56 | H26: 808.57 | I26: 1470.99 | J26: 131878.6 | K26: 0 | L26: 0 | M26: 1510.23 | N26: =L26+M26 -> 1510.23 | O26: 663.19 | P26: 376.56 | Q26: =O26+P26 -> 1039.75 | R26: =K26/J26 -> 0 | S26: =Q26/G26 -> 0.45611872 | T26: =N26/G26 -> 0.66250943 | U26: =O26/G26 -> 0.29092895 | V26: =P26/G26 -> 0.16518977 | W26: =G26/J26 -> 0.017285291 | X26: =N26/J26 -> 0.011451668 | Y26: =P26/J26 -> 0.0028553533
C27: 2021 | D27: 4.15 | E27: 1.86 | F27: 56.23 | G27: 4303.01 | H27: 1883.28 | I27: 2419.73 | J27: 144928.32 | K27: 3552.47 | L27: 0 | M27: 2671.97 | N27: =L27+M27 -> 2671.97 | O27: 345.8 | P27: 585.54 | Q27: =O27+P27 -> 931.34 | R27: =K27/J27 -> 0.02451191 | S27: =Q27/G27 -> 0.21643919 | T27: =N27/G27 -> 0.6209537 | U27: =O27/G27 -> 0.080362351 | V27: =P27/G27 -> 0.13607684 | W27: =G27/J27 -> 0.029690608 | X27: =N27/J27 -> 0.018436493 | Y27: =P27/J27 -> 0.0040402042
C28: 2022 | D28: 3.7 | E28: 1.53 | F28: 70 | G28: 4469.13 | H28: 1808.07 | I28: 2661.06 | J28: 174446.88 | K28: 5816.38 | L28: 0 | M28: 919.32 | N28: =L28+M28 -> 919.32 | O28: 1926.1 | P28: 1258.07 | Q28: =O28+P28 -> 3184.17 | R28: =K28/J28 -> 0.03334184 | S28: =Q28/G28 -> 0.71248095 | T28: =N28/G28 -> 0.20570447 | U28: =O28/G28 -> 0.43097874 | V28: =P28/G28 -> 0.28150222 | W28: =G28/J28 -> 0.025618859 | X28: =N28/J28 -> 0.0052699137 | Y28: =P28/J28 -> 0.0072117656
C29: 2023 | D29: 2.51 | E29: 0.86 | F29: 80.29 | G29: 3884.45 | H29: 1304.05 | I29: 2580.4 | J29: 209403.33 | K29: 4081.64 | L29: 0 | M29: 1386.13 | N29: =L29+M29 -> 1386.13 | O29: 1084.04 | P29: 1246.41 | Q29: =O29+P29 -> 2330.45 | R29: =K29/J29 -> 0.019491763 | S29: =Q29/G29 -> 0.59994336 | T29: =N29/G29 -> 0.35684074 | U29: =O29/G29 -> 0.27907168 | V29: =P29/G29 -> 0.32087168 | W29: =G29/J29 -> 0.018550087 | X29: =N29/J29 -> 0.0066194267 | Y29: =P29/J29 -> 0.0059521976
C30: 2024 | D30: 1.88 | E30: 0.6 | F30: 86.58 | G30: 3718.36 | H30: 1160.47 | I30: 2557.89 | J30: 234836.39 | K30: 4436.66 | L30: 0 | M30: 2983.63 | N30: =L30+M30 -> 2983.63 | O30: 1297.38 | P30: 1142.86 | Q30: =O30+P30 -> 2440.24 | R30: =K30/J30 -> 0.018892557 | S30: =Q30/G30 -> 0.65626782 | T30: =N30/G30 -> 0.80240482 | U30: =O30/G30 -> 0.34891189 | V30: =P30/G30 -> 0.30735593 | W30: =G30/J30 -> 0.015833832 | X30: =N30/J30 -> 0.012705143 | Y30: =P30/J30 -> 0.0048666222
C31: 2025 | D31: 1.87 | E31: 0.53 | F31: 90.51 | G31: 4433.58 | H31: 1229.92 | I31: 3203.66 | J31: 234836.39 | K31: 7012.54 | L31: 0 | M31: 4859.97 | N31: =L31+M31 -> 4859.97 | O31: 1126.44 | P31: 1353.15 | Q31: =O31+P31 -> 2479.59 | R31: =K31/J31 -> 0.029861386 | S31: =Q31/G31 -> 0.5592749 | T31: =N31/G31 -> 1.0961728 | U31: =O31/G31 -> 0.25407007 | V31: =P31/G31 -> 0.30520482 | W31: =G31/J31 -> 0.018879442 | X31: =N31/J31 -> 0.020695132 | Y31: =P31/J31 -> 0.0057620968
B32: AU Small Finance Bank Ltd. | C32: 2016 | D32: 0 | E32: 0.38 | F32: 0 | G32: 0 | H32: 0 | I32: 44.04 | J32: 6550.94 | K32: 39.58 | L32: 0 | M32: 0 | N32: =L32+M32 -> 0 | O32: 0 | P32: 0 | Q32: =O32+P32 -> 0 | R32: =K32/J32 -> 0.006041881 | S32: =Q32/G32 -> #DIV/0! | T32: =N32/G32 -> #DIV/0! | U32: =O32/G32 -> #DIV/0! | V32: =P32/G32 -> #DIV/0! | W32: =G32/J32 -> 0 | X32: =N32/J32 -> 0 | Y32: =P32/J32 -> 0
C33: 2017 | D33: 0 | E33: 1.05 | F33: 35.38 | G33: 124.51 | H33: 0 | I33: 100.39 | J33: 13312.13 | K33: 71.41 | L33: 28.42 | M33: 0 | N33: =L33+M33 -> 28.42 | O33: 7.58 | P33: 18.1 | Q33: =O33+P33 -> 25.68 | R33: =K33/J33 -> 0.0053642805 | S33: =Q33/G33 -> 0.20624849 | T33: =N33/G33 -> 0.22825476 | U33: =O33/G33 -> 0.060878644 | V33: =P33/G33 -> 0.14536985 | W33: =G33/J33 -> 0.0093531238 | X33: =N33/J33 -> 0.002134895 | Y33: =P33/J33 -> 0.0013596622
C34: 2018 | D34: 2.01 | E34: 1.3 | F34: 37.22 | G34: 269.74 | H34: 0 | I34: 175.64 | J34: 22818.73 | K34: 131.22 | L34: 5.93 | M34: 0 | N34: =L34+M34 -> 5.93 | O34: 42.34 | P34: 12.75 | Q34: =O34+P34 -> 55.09 | R34: =K34/J34 -> 0.0057505391 | S34: =Q34/G34 -> 0.20423371 | T34: =N34/G34 -> 0.021984133 | U34: =O34/G34 -> 0.15696597 | V34: =P34/G34 -> 0.047267739 | W34: =G34/J34 -> 0.011820991 | X34: =N34/J34 -> 0.00025987423 | Y34: =P34/J34 -> 0.00055875152
C35: 2019 | D35: 2.04 | E35: 1.29 | F35: 37.4 | G35: 470.14 | H35: 294.5 | I35: 240.48 | J35: 26992.42 | K35: 214.38 | L35: 19.63 | M35: 0 | N35: =L35+M35 -> 19.63 | O35: 175.2 | P35: 52.5 | Q35: =O35+P35 -> 227.7 | R35: =K35/J35 -> 0.0079422297 | S35: =Q35/G35 -> 0.48432382 | T35: =N35/G35 -> 0.04175352 | U35: =O35/G35 -> 0.37265495 | V35: =P35/G35 -> 0.11166886 | W35: =G35/J35 -> 0.017417482 | X35: =N35/J35 -> 0.0007272412 | Y35: =P35/J35 -> 0.0019449905
C36: 2020 | D36: 1.7 | E36: 0.81 | F36: 52.78 | G36: 457.78 | H36: 217.3 | I36: 747.37 | J36: 34608.91 | K36: 681.57 | L36: 45.08 | M36: 2.05 | N36: =L36+M36 -> 47.13 | O36: 525.73 | P36: 56.53 | Q36: =O36+P36 -> 582.26 | R36: =K36/J36 -> 0.019693484 | S36: =Q36/G36 -> 1.271921 | T36: =N36/G36 -> 0.10295338 | U36: =O36/G36 -> 1.1484337 | V36: =P36/G36 -> 0.12348726 | W36: =G36/J36 -> 0.01322723 | X36: =N36/J36 -> 0.001361788 | Y36: =P36/J36 -> 0.0016333944
C37: 2021 | D37: 4.25 | E37: 2.2 | F37: 49.81 | G37: 1502.83 | H37: 755.46 | I37: 652.53 | J37: 46095.26 | K37: 612.01 | L37: 114.61 | M37: 0 | N37: =L37+M37 -> 114.61 | O37: 96.52 | P37: 29.6 | Q37: =O37+P37 -> 126.12 | R37: =K37/J37 -> 0.01327707 | S37: =Q37/G37 -> 0.083921668 | T37: =N37/G37 -> 0.076262784 | U37: =O37/G37 -> 0.064225495 | V37: =P37/G37 -> 0.019696173 | W37: =G37/J37 -> 0.032602701 | X37: =N37/J37 -> 0.0024863728 | Y37: =P37/J37 -> 0.00064214846
C38: 2022 | D38: 1.98 | E38: 0.5 | F38: 76.62 | G38: 924.38 | H38: 271.85 | I38: 695.15 | J38: 58421.53 | K38: 683.33 | L38: 125.49 | M38: 62.12 | N38: =L38+M38 -> 187.61 | O38: 1723.23 | P38: 109.73 | Q38: =O38+P38 -> 1832.96 | R38: =K38/J38 -> 0.011696544 | S38: =Q38/G38 -> 1.9829075 | T38: =N38/G38 -> 0.20295766 | U38: =O38/G38 -> 1.8642009 | V38: =P38/G38 -> 0.11870659 | W38: =G38/J38 -> 0.015822591 | X38: =N38/J38 -> 0.0032113161 | Y38: =P38/J38 -> 0.0018782459
C39: 2023 | D39: 1.66 | E39: 0.42 | F39: 75 | G39: 981.31 | H39: 286.16 | I39: 795.41 | J39: 73162.65 | K39: 964.98 | L39: 89.5 | M39: 100.99 | N39: =L39+M39 -> 190.49 | O39: 931.57 | P39: 60.89 | Q39: =O39+P39 -> 992.46 | R39: =K39/J39 -> 0.013189517 | S39: =Q39/G39 -> 1.0113624 | T39: =N39/G39 -> 0.19411807 | U39: =O39/G39 -> 0.94931265 | V39: =P39/G39 -> 0.062049709 | W39: =G39/J39 -> 0.013412718 | X39: =N39/J39 -> 0.0026036509 | Y39: =P39/J39 -> 0.00083225526
C40: 2024 | D40: 1.67 | E40: 0.55 | F40: 68 | G40: 1237.4 | H40: 441.99 | I40: 1644.68 | J40: 107092.48 | K40: 2437.01 | L40: 78.51 | M40: 326.5 | N40: =L40+M40 -> 405.01 | O40: 816.94 | P40: 220.15 | Q40: =O40+P40 -> 1037.09 | R40: =K40/J40 -> 0.022756126 | S40: =Q40/G40 -> 0.83812025 | T40: =N40/G40 -> 0.32730726 | U40: =O40/G40 -> 0.66020689 | V40: =P40/G40 -> 0.17791337 | W40: =G40/J40 -> 0.011554499 | X40: =N40/J40 -> 0.0037818715 | Y40: =P40/J40 -> 0.0020556999
C41: 2025 | D41: 2.28 | E41: 0.74 | F41: 68 | G41: 2477.03 | H41: 832.35 | I41: 1644.68 | J41: 107092.48 | K41: 2437.01 | L41: 114.54 | M41: 1056.63 | N41: =L41+M41 -> 1171.17 | O41: 1252.07 | P41: 332.74 | Q41: =O41+P41 -> 1584.81 | R41: =K41/J41 -> 0.022756126 | S41: =Q41/G41 -> 0.63980251 | T41: =N41/G41 -> 0.4728122 | U41: =O41/G41 -> 0.50547228 | V41: =P41/G41 -> 0.13433023 | W41: =G41/J41 -> 0.023129822 | X41: =N41/J41 -> 0.010936062 | Y41: =P41/J41 -> 0.0031070342
B42: State Bank Of India | C42: 2016 | D42: 6.4 | E42: 3.81 | F42: 60.69 | G42: 98172.8 | H42: 55807.02 | I42: 54065.61 | J42: 1571078.4 | K42: 28005.73 | L42: 0 | M42: 0 | N42: 0 | O42: 0 | P42: 4389.18 | Q42: =O42+P42 -> 4389.18 | R42: =K42/J42 -> 0.017825801 | S42: =Q42/G42 -> 0.044708718 | T42: =N42/G42 -> 0 | U42: =O42/G42 -> 0 | V42: =P42/G42 -> 0.044708718 | W42: =G42/J42 -> 0.062487525 | X42: =N42/J42 -> 0 | Y42: =P42/J42 -> 0.0027937371
C43: 2017 | D43: 9.04 | E43: 3.71 | F43: 65.95 | G43: 112342.99 | H43: 58277.38 | I43: 112572.76 | J43: 1934880.2 | K43: 35833.35 | L43: 0 | M43: 0 | N43: 0 | O43: 0 | P43: 894.48 | Q43: =O43+P43 -> 894.48 | R43: =K43/J43 -> 0.018519674 | S43: =Q43/G43 -> 0.0079620455 | T43: =N43/G43 -> 0 | U43: =O43/G43 -> 0 | V43: =P43/G43 -> 0.0079620455 | W43: =G43/J43 -> 0.058061988 | X43: =N43/J43 -> 0 | Y43: =P43/J43 -> 0.00046229219
C44: 2018 | D44: 10.85 | E44: 5.69 | F44: 66.17 | G44: 223427.46 | H44: 110854.7 | I44: 106855.62 | J44: 2185876.9 | K44: 98825.17 | L44: 49219.18 | M44: 4537.11 | N44: =L44+M44 -> 53756.29 | O44: 4746.09 | P44: 4277.67 | Q44: =O44+P44 -> 9023.76 | R44: =K44/J44 -> 0.045210766 | S44: =Q44/G44 -> 0.040387874 | T44: =N44/G44 -> 0.2405984 | U44: =O44/G44 -> 0.021242196 | V44: =P44/G44 -> 0.019145677 | W44: =G44/J44 -> 0.10221411 | X44: =N44/J44 -> 0.024592551 | Y44: =P44/J44 -> 0.0019569583
C45: 2019 | D45: 7.43 | E45: 2.97 | F45: 78.73 | G45: 172750.36 | H45: 65894.74 | I45: 97220.55 | J45: 2325289.6 | K45: 54844.57 | L45: 83415.15 | M45: 5139.76 | N45: =L45+M45 -> 88554.91 | O45: 4794.34 | P45: 19715.63 | Q45: =O45+P45 -> 24509.97 | R45: =K45/J45 -> 0.023586125 | S45: =Q45/G45 -> 0.14188086 | T45: =N45/G45 -> 0.5126178 | U45: =O45/G45 -> 0.027752996 | V45: =P45/G45 -> 0.11412787 | W45: =G45/J45 -> 0.074291978 | X45: =N45/J45 -> 0.03808339 | Y45: =P45/J45 -> 0.0084787849
C46: 2020 | D46: 6.07 | E46: 2.2 | F46: 83.62 | G46: 149091.85 | H46: 51871.3 | I46: 89387.69 | J46: 2449497.8 | K46: 43067.4 | L46: 73484.79 | M46: 0 | N46: =L46+M46 -> 73484.79 | O46: 3339.79 | P46: 17782.63 | Q46: =O46+P46 -> 21122.42 | R46: =K46/J46 -> 0.017582135 | S46: =Q46/G46 -> 0.14167387 | T46: =N46/G46 -> 0.49288268 | U46: =O46/G46 -> 0.022400889 | V46: =P46/G46 -> 0.11927299 | W46: =G46/J46 -> 0.060866293 | X46: =N46/J46 -> 0.029999941 | Y46: =P46/J46 -> 0.0072597044
C47: 2021 | D47: 4.94 | E47: 1.48 | F47: 87.75 | G47: 126389.02 | H47: 36809.72 | I47: 83866.05 | J47: 2733966.6 | K47: 27269.95 | L47: 34402.2 | M47: 0 | N47: =L47+M47 -> 34402.2 | O47: 4250.89 | P47: 12613.19 | Q47: =O47+P47 -> 16864.08 | R47: =K47/J47 -> 0.0099745001 | S47: =Q47/G47 -> 0.13342995 | T47: =N47/G47 -> 0.27219295 | U47: =O47/G47 -> 0.03363338 | V47: =P47/G47 -> 0.099796565 | W47: =G47/J47 -> 0.046229175 | X47: =N47/J47 -> 0.012583255 | Y47: =P47/J47 -> 0.0046135129
C48: 2022 | D48: 3.92 | E48: 1 | F48: 90.2 | G48: 112023.37 | H48: 27965.71 | I48: 69269.53 | J48: 3199269.3 | K48: 14142.96 | L48: 19666.22 | M48: 0 | N48: =L48+M48 -> 19666.22 | O48: 9377.57 | P48: 10343.09 | Q48: =O48+P48 -> 19720.66 | R48: =K48/J48 -> 0.0044206844 | S48: =Q48/G48 -> 0.17604059 | T48: =N48/G48 -> 0.17555462 | U48: =O48/G48 -> 0.083710836 | V48: =P48/G48 -> 0.092329752 | W48: =G48/J48 -> 0.035015299 | X48: =N48/J48 -> 0.0061470974 | Y48: =P48/J48 -> 0.0032329538
C49: 2023 | D49: 2.75 | E49: 0.66 | F49: 91.91 | G49: 90927.78 | H49: 21466.64 | I49: 63033.64 | J49: 3703970.9 | K49: 9190.34 | L49: 24061.27 | M49: 3233.5 | N49: =L49+M49 -> 27294.77 | O49: 3233.5 | P49: 12221.46 | Q49: =O49+P49 -> 15454.96 | R49: =K49/J49 -> 0.0024812128 | S49: =Q49/G49 -> 0.16996962 | T49: =N49/G49 -> 0.30018076 | U49: =O49/G49 -> 0.035561189 | V49: =P49/G49 -> 0.13440843 | W49: =G49/J49 -> 0.02454873 | X49: =N49/J49 -> 0.0073690564 | Y49: =P49/J49 -> 0.0032995562
C50: 2024 | D50: 2.23 | E50: 0.56 | F50: 91.89 | G50: 84276.33 | H50: 21051.08 | I50: 57021.67 | J50: 4163312.1 | K50: 9469.33 | L50: 16161.37 | M50: 0 | N50: =L50+M50 -> 16161.37 | O50: 3236.5 | P50: 7570.48 | Q50: =O50+P50 -> 10806.98 | R50: =K50/J50 -> 0.0022744704 | S50: =Q50/G50 -> 0.12823268 | T50: =N50/G50 -> 0.19176642 | U50: =O50/G50 -> 0.038403428 | V50: =P50/G50 -> 0.089829256 | W50: =G50/J50 -> 0.020242616 | X50: =N50/J50 -> 0.0038818541 | Y50: =P50/J50 -> 0.0018183792
C51: 2025 | D51: 1.82 | E51: 0.47 | F51: 92.08 | G51: 76880.2 | H51: 19666.92 | I51: 57021.67 | J51: 4163312.1 | K51: 14446.47 | L51: 20308.71 | M51: 0 | N51: =L51+M51 -> 20308.71 | O51: 2963.26 | P51: 4941.73 | Q51: =O51+P51 -> 7904.99 | R51: =K51/J51 -> 0.0034699464 | S51: =Q51/G51 -> 0.10282218 | T51: =N51/G51 -> 0.26416047 | U51: =O51/G51 -> 0.038543864 | V51: =P51/G51 -> 0.064278319 | W51: =G51/J51 -> 0.018466115 | X51: =N51/J51 -> 0.0048780177 | Y51: =P51/J51 -> 0.0011869708
B52: Bank Of Baroda | C52: 2016 | D52: 9.99 | E52: 3.1 | F52: 60.09 | G52: 40521.04 | H52: 19406.46 | I52: 24638.52 | J52: 383259.22 | K52: 14483.15 | L52: 1554.15 | M52: 0 | N52: =L52+M52 -> 1554.15 | O52: 533.91 | P52: 1480.72 | Q52: =O52+P52 -> 2014.63 | R52: =K52/J52 -> 0.037789437 | S52: =Q52/G52 -> 0.049718122 | T52: =N52/G52 -> 0.038354149 | U52: =O52/G52 -> 0.013176118 | V52: =P52/G52 -> 0.036542004 | W52: =G52/J52 -> 0.1057275 | X52: =N52/J52 -> 0.0040550884 | Y52: =P52/J52 -> 0.0038634948
C53: 2017 | D53: 10.38 | E53: 4.68 | F53: 66.83 | G53: 42718.7 | H53: 18080.18 | I53: 32997.96 | J53: 427431.83 | K53: 8460.7 | L53: 4515.57 | M53: 0 | N53: =L53+M53 -> 4515.57 | O53: 2510.68 | P53: 4087.72 | Q53: =O53+P53 -> 6598.4 | R53: =K53/J53 -> 0.019794268 | S53: =Q53/G53 -> 0.15446163 | T53: =N53/G53 -> 0.10570476 | U53: =O53/G53 -> 0.058772388 | V53: =P53/G53 -> 0.095689241 | W53: =G53/J53 -> 0.099942721 | X53: =N53/J53 -> 0.010564421 | Y53: =P53/J53 -> 0.0095634431
C54: 2018 | D54: 12.1 | E54: 5.4 | F54: 67.21 | G54: 56480.38 | H54: 23482.65 | I54: 32623.26 | J54: 468818.74 | K54: 14265.01 | L54: 4948.19 | M54: 0 | N54: =L54+M54 -> 4948.19 | O54: 1025.74 | P54: 4416.73 | Q54: =O54+P54 -> 5442.47 | R54: =K54/J54 -> 0.030427559 | S54: =Q54/G54 -> 0.096360364 | T54: =N54/G54 -> 0.087609007 | U54: =O54/G54 -> 0.018160997 | V54: =P54/G54 -> 0.078199368 | W54: =G54/J54 -> 0.12047381 | X54: =N54/J54 -> 0.010554591 | Y54: =P54/J54 -> 0.0094209758
C55: 2019 | D55: 9.74 | E55: 3.4 | F55: 78.68 | G55: 48232.76 | H55: 15609.5 | I55: 47804.84 | J55: 690120.73 | K55: 11310.61 | L55: 13101.84 | M55: 0 | N55: =L55+M55 -> 13101.84 | O55: 819.61 | P55: 7939.78 | Q55: =O55+P55 -> 8759.39 | R55: =K55/J55 -> 0.016389321 | S55: =Q55/G55 -> 0.18160665 | T55: =N55/G55 -> 0.27163778 | U55: =O55/G55 -> 0.016992807 | V55: =P55/G55 -> 0.16461384 | W55: =G55/J55 -> 0.069890322 | X55: =N55/J55 -> 0.018984852 | Y55: =P55/J55 -> 0.011504915
C56: 2020 | D56: 9.49 | E56: 3.17 | F56: 81.33 | G56: 69381.43 | H56: 21576.6 | I56: 44871.11 | J56: 706300.51 | K56: 17907.17 | L56: 15886.06 | M56: 0 | N56: =L56+M56 -> 15886.06 | O56: 1394.12 | P56: 66577.8 | Q56: =O56+P56 -> 67971.92 | R56: =K56/J56 -> 0.025353472 | S56: =Q56/G56 -> 0.97968462 | T56: =N56/G56 -> 0.22896703 | U56: =O56/G56 -> 0.020093561 | V56: =P56/G56 -> 0.95959106 | W56: =G56/J56 -> 0.098232167 | X56: =N56/J56 -> 0.022491928 | Y56: =P56/J56 -> 0.09426271
C57: 2021 | D57: 8.83 | E57: 3.08 | F57: 81.8 | G57: 66670.99 | H57: 21799.9 | I57: 40694.75 | J57: 777155.19 | K57: 13196.1 | L57: 15425.51 | M57: 0 | N57: =L57+M57 -> 15425.51 | O57: 1422.89 | P57: 5867.16 | Q57: =O57+P57 -> 7290.05 | R57: =K57/J57 -> 0.016980006 | S57: =Q57/G57 -> 0.10934366 | T57: =N57/G57 -> 0.23136765 | U57: =O57/G57 -> 0.021341966 | V57: =P57/G57 -> 0.088001693 | W57: =G57/J57 -> 0.085788515 | X57: =N57/J57 -> 0.019848687 | Y57: =P57/J57 -> 0.0075495346
C58: 2022 | D58: 6.6 | E58: 1.73 | F58: 88.71 | G58: 54059.4 | H58: 13364.65 | I58: 28209.34 | J58: 940998.27 | K58: 9339.55 | L58: 2053.09 | M58: 16365.7 | N58: =L58+M58 -> 18418.79 | O58: 2394.22 | P58: 6053.93 | Q58: =O58+P58 -> 8448.15 | R58: =K58/J58 -> 0.0099251511 | S58: =Q58/G58 -> 0.15627532 | T58: =N58/G58 -> 0.34071392 | U58: =O58/G58 -> 0.04428869 | V58: =P58/G58 -> 0.11198663 | W58: =G58/J58 -> 0.05744899 | X58: =N58/J58 -> 0.01957367 | Y58: =P58/J58 -> 0.0064335187
C59: 2023 | D59: 3.83 | E59: 0.92 | F59: 92.43 | G59: 36763.7 | H59: 8384.32 | I59: 24250.29 | J59: 1065782 | K59: 0 | L59: 2294.99 | M59: 16051.83 | N59: =L59+M59 -> 18346.82 | O59: 3804.6 | P59: 6294.67 | Q59: =O59+P59 -> 10099.27 | R59: =K59/J59 -> 0 | S59: =Q59/G59 -> 0.27470766 | T59: =N59/G59 -> 0.49904716 | U59: =O59/G59 -> 0.10348795 | V59: =P59/G59 -> 0.17121971 | W59: =G59/J59 -> 0.034494577 | X59: =N59/J59 -> 0.01721442 | Y59: =P59/J59 -> 0.0059061514
C60: 2024 | D60: 2.96 | E60: 0.69 | F60: 93.3 | G60: 31833.63 | H60: 7213.34 | I60: 20349.01 | J60: 1209557.9 | K60: 8223.9 | L60: 1218.12 | M60: 9299.69 | N60: =L60+M60 -> 10517.81 | O60: 1472.92 | P60: 3256.37 | Q60: =O60+P60 -> 4729.29 | R60: =K60/J60 -> 0.0067990958 | S60: =Q60/G60 -> 0.1485627 | T60: =N60/G60 -> 0.33039933 | U60: =O60/G60 -> 0.046269307 | V60: =P60/G60 -> 0.10229339 | W60: =G60/J60 -> 0.026318401 | X60: =N60/J60 -> 0.0086955821 | Y60: =P60/J60 -> 0.0026921985
C61: 2025 | D61: 2.32 | E61: 0.61 | F61: 93.29 | G61: 27834.88 | H61: 6994.22 | I61: 20349.01 | J61: 1209557.9 | K61: 6971.84 | L61: 736.92 | M61: 8243.43 | N61: =L61+M61 -> 8980.35 | O61: 1019.64 | P61: 3300.42 | Q61: =O61+P61 -> 4320.06 | R61: =K61/J61 -> 0.0057639572 | S61: =Q61/G61 -> 0.15520311 | T61: =N61/G61 -> 0.32262938 | U61: =O61/G61 -> 0.036631737 | V61: =P61/G61 -> 0.11857138 | W61: =G61/J61 -> 0.023012441 | X61: =N61/J61 -> 0.0074244896 | Y61: =P61/J61 -> 0.0027286168

Sheet Rough
A2: GROSS NPA % | M2: GNPA AMOUNT | Y2: RECOVERY TO GNPA %
A3: Bank Name | B3: 2016 | C3: 2017 | D3: 2018 | E3: 2019 | F3: 2020 | G3: 2021 | H3: 2022 | I3: 2023 | J3: 2024 | K3: 2025 | M3: Bank Name | N3: 2016 | O3: 2017 | P3: 2018 | Q3: 2019 | R3: 2020 | S3: 2021 | T3: 2022 | U3: 2023 | V3: 2024 | W3: 2025 | Y3: Bank Name | Z3: 2016 | AA3: 2017 | AB3: 2018 | AC3: 2019 | AD3: 2020 | AE3: 2021 | AF3: 2022 | AG3: 2023 | AH3: 2024 | AI3: 2025
A4: AU Small Finance Bank Ltd. | B4: 0 | C4: 0 | D4: 2.01 | E4: 2.04 | F4: 1.7 | G4: 4.25 | H4: 1.98 | I4: 1.66 | J4: 1.67 | K4: 2.28 | M4: AU Small Finance Bank Ltd. | N4: 0 | O4: 124.51 | P4: 269.74 | Q4: 470.14 | R4: 457.78 | S4: 1502.83 | T4: 924.38 | U4: 981.31 | V4: 1237.4 | W4: 2477.03 | Y4: AU Small Finance Bank Ltd. | Z4: 0 | AA4: 0.20624849 | AB4: 0.20423371 | AC4: 0.48432382 | AD4: 1.271921 | AE4: 0.083921668 | AF4: 1.9829075 | AG4: 1.0113624 | AH4: 0.83812025 | AI4: 0.63980251
A5: Axis Bank Ltd. | B5: 1.75 | C5: 5.04 | D5: 6.77 | E5: 5.26 | F5: 5.07 | G5: 3.94 | H5: 2.98 | I5: 2.12 | J5: 1.51 | K5: 1.36 | M5: Axis Bank Ltd. | N5: 6087.51 | O5: 21280.48 | P5: 34248.64 | Q5: 29789.44 | R5: 30233.82 | S5: 25314.84 | T5: 21822.32 | U5: 18604.23 | V5: 15127.12 | W5: 15127.12 | Y5: Axis Bank Ltd. | Z5: 0.3358861 | AA5: 0.20519885 | AB5: 0.25586388 | AC5: 0.30550558 | AD5: 0.30764753 | AE5: 0.3262687 | AF5: 0.65759278 | AG5: 0.56813692 | AH5: 0.59778464 | AI5: 0.54725553
A6: Bank Of Baroda | B6: 9.99 | C6: 10.38 | D6: 12.1 | E6: 9.74 | F6: 9.49 | G6: 8.83 | H6: 6.6 | I6: 3.83 | J6: 2.96 | K6: 2.32 | M6: Bank Of Baroda | N6: 40521.04 | O6: 42718.7 | P6: 56480.38 | Q6: 48232.76 | R6: 69381.43 | S6: 66670.99 | T6: 54059.4 | U6: 36763.7 | V6: 31833.63 | W6: 27834.88 | Y6: Bank Of Baroda | Z6: 0.049718122 | AA6: 0.15446163 | AB6: 0.096360364 | AC6: 0.18160665 | AD6: 0.97968462 | AE6: 0.10934366 | AF6: 0.15627532 | AG6: 0.27470766 | AH6: 0.1485627 | AI6: 0.15520311
A7: ICICI Bank Ltd. | B7: 5.82 | C7: 7.89 | D7: 8.84 | E7: 6.7 | F7: 5.53 | G7: 4.96 | H7: 3.6 | I7: 2.81 | J7: 2.16 | K7: 1.67 | M7: ICICI Bank Ltd. | N7: 26221.25 | O7: 42159.39 | P7: 53240.18 | Q7: 45676.04 | R7: 40829.09 | S7: 40841.42 | T7: 33294.92 | U7: 29986.07 | V7: 27313.87 | W7: 23523.1 | Y7: ICICI Bank Ltd. | Z7: 0.10026029 | AA7: 0.12847814 | AB7: 0.17252947 | AC7: 0.14456091 | AD7: 0.18851975 | AE7: 0.15986858 | AF7: 0.50126926 | AG7: 0.57016575 | AH7: 0.56647923 | AI7: 0.58652814
A8: IDFC First Bank | B8: 6.16 | C8: 2.99 | D8: 3.31 | E8: 2.43 | F8: 2.6 | G8: 4.15 | H8: 3.7 | I8: 2.51 | J8: 1.88 | K8: 1.87 | M8: IDFC First Bank | N8: 3058.3 | O8: 1542.1 | P8: 1779.05 | Q8: 2136.04 | R8: 2279.56 | S8: 4303.01 | T8: 4469.13 | U8: 3884.45 | V8: 3718.36 | W8: 4433.58 | Y8: IDFC First Bank | Z8: 0.027188307 | AA8: 0.062311134 | AB8: 0.0094432422 | AC8: 0.13712758 | AD8: 0.45611872 | AE8: 0.21643919 | AF8: 0.71248095 | AG8: 0.59994336 | AH8: 0.65626782 | AI8: 0.5592749
A9: State Bank Of India | B9: 6.4 | C9: 9.04 | D9: 10.85 | E9: 7.43 | F9: 6.07 | G9: 4.94 | H9: 3.92 | I9: 2.75 | J9: 2.23 | K9: 1.82 | M9: State Bank Of India | N9: 98172.8 | O9: 112342.99 | P9: 223427.46 | Q9: 172750.36 | R9: 149091.85 | S9: 126389.02 | T9: 112023.37 | U9: 90927.78 | V9: 84276.33 | W9: 76880.2 | Y9: State Bank Of India | Z9: 0.044708718 | AA9: 0.0079620455 | AB9: 0.040387874 | AC9: 0.14188086 | AD9: 0.14167387 | AE9: 0.13342995 | AF9: 0.17604059 | AG9: 0.16996962 | AH9: 0.12823268 | AI9: 0.10282218
A10: AVERAGE | B10: =AVERAGE(B3:B8) -> 339.95333 | C10: =AVERAGE(C3:C8) -> 340.55 | D10: =AVERAGE(D3:D8) -> 341.83833 | E10: =AVERAGE(E3:E8) -> 340.86167 | F10: =AVERAGE(F3:F8) -> 340.73167 | G10: =AVERAGE(G3:G8) -> 341.18833 | H10: =AVERAGE(H3:H8) -> 340.14333 | I10: =AVERAGE(I3:I8) -> 339.32167 | ... K10: =AVERAGE(K3:K8) -> 339.08333 | M10: AVERAGE | N10: =AVERAGE(N3:N8) -> 12984.017 | O10: =AVERAGE(O3:O8) -> 18307.03 | P10: =AVERAGE(P3:P8) -> 24672.665 | Q10: =AVERAGE(Q3:Q8) -> 21387.237 | R10: =AVERAGE(R3:R8) -> 24200.28 | S10: =AVERAGE(S3:S8) -> 23442.348 | T10: =AVERAGE(T3:T8) -> 19432.025 | U10: =AVERAGE(U3:U8) -> 15373.793 | ... W10: =AVERAGE(W3:W8) -> 12570.118 | Y10: AVERAGE | Z10: =AVERAGE(Z4:Z9) -> 0.092960255 | AA10: =AVERAGE(AA4:AA9) -> 0.12744338 | AB10: =AVERAGE(AB4:AB9) -> 0.12980309 | AC10: =AVERAGE(AC4:AC9) -> 0.2325009 | AD10: =AVERAGE(AD4:AD9) -> 0.55759425 | AE10: =AVERAGE(AE4:AE9) -> 0.17154529 | AF10: =AVERAGE(AF4:AF9) -> 0.69776106 | AG10: =AVERAGE(AG4:AG9) -> 0.53238095 | ... AI10: =AVERAGE(AI4:AI9) -> 0.43181439
A12: NET NPA % | M12: NNPA AMOUNT | Y12: WRITE-OFF TO GNPA %
A13: Bank Name | B13: 2016 | C13: 2017 | D13: 2018 | E13: 2019 | F13: 2020 | G13: 2021 | H13: 2022 | I13: 2023 | J13: 2024 | K13: 2025 | M13: Bank Name | N13: 2016 | O13: 2017 | P13: 2018 | Q13: 2019 | R13: 2020 | S13: 2021 | T13: 2022 | U13: 2023 | V13: 2024 | W13: 2025 | Y13: Bank Name | Z13: 2016 | AA13: 2017 | AB13: 2018 | AC13: 2019 | AD13: 2020 | AE13: 2021 | AF13: 2022 | AG13: 2023 | AH13: 2024 | AI13: 2025
A14: AU Small Finance Bank Ltd. | B14: 0.38 | C14: 1.05 | D14: 1.3 | E14: 1.29 | F14: 0.81 | G14: 2.2 | H14: 0.5 | I14: 0.42 | J14: 0.55 | K14: 0.74 | M14: AU Small Finance Bank Ltd. | N14: 0 | O14: 0 | P14: 0 | Q14: 294.5 | R14: 217.3 | S14: 755.46 | T14: 271.85 | U14: 286.16 | V14: 441.99 | W14: 832.35 | Y14: AU Small Finance Bank Ltd. | Z14: 0 | AA14: 0.22825476 | AB14: 0.021984133 | AC14: 0.04175352 | AD14: 0.10295338 | AE14: 0.076262784 | AF14: 0.20295766 | AG14: 0.19411807 | AH14: 0.32730726 | AI14: 0.4728122
A15: Axis Bank Ltd. | B15: 0.7 | C15: 2.11 | D15: 3.4 | E15: 2.06 | F15: 1.63 | G15: 1.14 | H15: 0.77 | I15: 0.42 | J15: 0.33 | K15: 0.35 | M15: Axis Bank Ltd. | N15: 2522.14 | O15: 8626.55 | P15: 16591.71 | Q15: 11275.6 | R15: 9360.41 | S15: 6993.52 | T15: 5512.16 | U15: 3558.92 | V15: 3247.47 | W15: 3685.45 | Y15: Axis Bank Ltd. | Z15: 0.54579459 | AA15: 0.10441917 | AB15: 0.34126465 | AC15: 0.30336992 | AD15: 0.33635412 | AE15: 0.54932759 | AF15: 0.42397279 | AG15: 0.39202751 | AH15: 0.58602761 | AI15: 0.78218921
A16: Bank Of Baroda | B16: 3.1 | C16: 4.68 | D16: 5.4 | E16: 3.4 | F16: 3.17 | G16: 3.08 | H16: 1.73 | I16: 0.92 | J16: 0.69 | K16: 0.61 | M16: Bank Of Baroda | N16: 19406.46 | O16: 18080.18 | P16: 23482.65 | Q16: 15609.5 | R16: 21576.6 | S16: 21799.9 | T16: 13364.65 | U16: 8384.32 | V16: 7213.34 | W16: 6994.22 | Y16: Bank Of Baroda | Z16: 0.038354149 | AA16: 0.10570476 | AB16: 0.087609007 | AC16: 0.27163778 | AD16: 0.22896703 | AE16: 0.23136765 | AF16: 0.34071392 | AG16: 0.49904716 | AH16: 0.33039933 | AI16: 0.32262938
A17: ICICI Bank Ltd. | B17: 2.98 | C17: 4.89 | D17: 4.77 | E17: 2.06 | F17: 1.41 | G17: 1.14 | H17: 0.76 | I17: 0.48 | J17: 0.42 | K17: 0.39 | M17: ICICI Bank Ltd. | N17: 12963.08 | O17: 25216.81 | P17: 27823.56 | Q17: 13449.72 | R17: 9923.24 | S17: 9117.66 | T17: 6931.04 | U17: 5150.07 | V17: 5377.79 | W17: 5589.41 | Y17: ICICI Bank Ltd. | Z17: 0.11270782 | AA17: 0.28918611 | AB17: 0.15718692 | AC17: 0.2530239 | AD17: 0.26823669 | AE17: 0.23276933 | AF17: 0.30478493 | AG17: 0.15077668 | AH17: 0.22692683 | AI17: 0.43340121
A18: IDFC First Bank | B18: 2.39 | C18: 1.14 | D18: 1.69 | E18: 1.27 | F18: 0.94 | G18: 1.86 | H18: 1.53 | I18: 0.86 | J18: 0.6 | K18: 0.53 | M18: IDFC First Bank | N18: 1139.04 | O18: 576.47 | P18: 891.16 | Q18: 1106.63 | R18: 808.57 | S18: 1883.28 | T18: 1808.07 | U18: 1304.05 | V18: 1160.47 | W18: 1229.92 | Y18: IDFC First Bank | Z18: 0 | AA18: 6.4846638e-06 | AB18: 0.560878 | AC18: 0.14814797 | AD18: 0.66250943 | AE18: 0.6209537 | AF18: 0.20570447 | AG18: 0.35684074 | AH18: 0.80240482 | AI18: 1.0961728
A19: State Bank Of India | B19: 3.81 | C19: 3.71 | D19: 5.69 | E19: 2.97 | F19: 2.2 | G19: 1.48 | H19: 1 | I19: 0.66 | J19: 0.56 | K19: 0.47 | M19: State Bank Of India | N19: 55807.02 | O19: 58277.38 | P19: 110854.7 | Q19: 65894.74 | R19: 51871.3 | S19: 36809.72 | T19: 27965.71 | U19: 21466.64 | V19: 21051.08 | W19: 19666.92 | Y19: State Bank Of India | Z19: 0 | AA19: 0 | AB19: 0.2405984 | AC19: 0.5126178 | AD19: 0.49288268 | AE19: 0.27219295 | AF19: 0.17555462 | AG19: 0.30018076 | AH19: 0.19176642 | AI19: 0.26416047
A20: AVERAGE | B20: =AVERAGE(B13:B18) -> 337.59167 | C20: =AVERAGE(C13:C18) -> 338.47833 | D20: =AVERAGE(D13:D18) -> 339.09333 | E20: =AVERAGE(E13:E18) -> 338.18 | F20: =AVERAGE(F13:F18) -> 337.99333 | G20: =AVERAGE(G13:G18) -> 338.40333 | H20: =AVERAGE(H13:H18) -> 337.88167 | I20: =AVERAGE(I13:I18) -> 337.68333 | ... K20: =AVERAGE(K13:K18) -> 337.93667 | M20: AVERAGE | N20: =AVERAGE(N13:N18) -> 6341.12 | O20: =AVERAGE(O13:O18) -> 9086.1683 | P20: =AVERAGE(P13:P18) -> 11801.18 | Q20: =AVERAGE(Q13:Q18) -> 7292.4917 | R20: =AVERAGE(R13:R18) -> 7317.6867 | S20: =AVERAGE(S13:S18) -> 7095.1367 | T20: =AVERAGE(T13:T18) -> 4984.9617 | U20: =AVERAGE(U13:U18) -> 3451.0867 | ... W20: =AVERAGE(W13:W18) -> 3392.725 | Y20: AVERAGE | Z20: =AVERAGE(Z14:Z19) -> 0.11614276 | AA20: =AVERAGE(AA14:AA19) -> 0.12126188 | AB20: =AVERAGE(AB14:AB19) -> 0.23492018 | AC20: =AVERAGE(AC14:AC19) -> 0.25509182 | AD20: =AVERAGE(AD14:AD19) -> 0.34865056 | AE20: =AVERAGE(AE14:AE19) -> 0.330479 | AF20: =AVERAGE(AF14:AF19) -> 0.27561473 | AG20: =AVERAGE(AG14:AG19) -> 0.31549848 | ... AI20: =AVERAGE(AI14:AI19) -> 0.56189422
A22: PCR % | M22: PROVISIONS | Y22: SLIPPAGE RATIO
A23: Bank Name | B23: 2016 | C23: 2017 | D23: 2018 | E23: 2019 | F23: 2020 | G23: 2021 | H23: 2022 | I23: 2023 | J23: 2024 | K23: 2025 | M23: Bank Name | N23: 2016 | O23: 2017 | P23: 2018 | Q23: 2019 | R23: 2020 | S23: 2021 | T23: 2022 | U23: 2023 | V23: 2024 | W23: 2025 | Y23: Bank Name | Z23: 2016 | AA23: 2017 | AB23: 2018 | AC23: 2019 | AD23: 2020 | AE23: 2021 | AF23: 2022 | AG23: 2023 | AH23: 2024 | AI23: 2025
A24: AU Small Finance Bank Ltd. | B24: 0 | C24: 35.38 | D24: 37.22 | E24: 37.4 | F24: 52.78 | G24: 49.81 | H24: 76.62 | I24: 75 | J24: 68 | K24: 68 | M24: AU Small Finance Bank Ltd. | N24: 44.04 | O24: 100.39 | P24: 175.64 | Q24: 240.48 | R24: 747.37 | S24: 652.53 | T24: 695.15 | U24: 795.41 | V24: 1644.68 | W24: 1644.68 | Y24: AU Small Finance Bank Ltd. | Z24: 0.006041881 | AA24: 0.0053642805 | AB24: 0.0057505391 | AC24: 0.0079422297 | AD24: 0.019693484 | AE24: 0.01327707 | AF24: 0.011696544 | AG24: 0.013189517 | AH24: 0.022756126 | AI24: 0.022756126
A25: Axis Bank Ltd. | B25: 72.27 | C25: 64.79 | D25: 65.05 | E25: 77 | F25: 83 | G25: 72 | H25: 75 | I25: 0 | J25: 79 | K25: 75 | M25: Axis Bank Ltd. | N25: 12205.72 | O25: 17355.95 | P25: 18350.79 | Q25: 20802.68 | R25: 18407.62 | S25: 16141.28 | T25: 14883.37 | U25: 11876.4 | V25: 10801.41 | W25: 10801.41 | Y25: Axis Bank Ltd. | Z25: 0.0077615328 | AA25: 0.024072404 | AB25: 0.034568998 | AC25: 0.017459517 | AD25: 0.019630726 | AE25: 0.01597258 | AF25: 0.0090962548 | AG25: 0.0070871558 | AH25: 0.0061212343 | AI25: 0.011662565
A26: Bank Of Baroda | B26: 60.09 | C26: 66.83 | D26: 67.21 | E26: 78.68 | F26: 81.33 | G26: 81.8 | H26: 88.71 | I26: 92.43 | J26: 93.3 | K26: 93.29 | M26: Bank Of Baroda | N26: 24638.52 | O26: 32997.96 | P26: 32623.26 | Q26: 47804.84 | R26: 44871.11 | S26: 40694.75 | T26: 28209.34 | U26: 24250.29 | V26: 20349.01 | W26: 20349.01 | Y26: Bank Of Baroda | Z26: 0.037789437 | AA26: 0.019794268 | AB26: 0.030427559 | AC26: 0.016389321 | AD26: 0.025353472 | AE26: 0.016980006 | AF26: 0.0099251511 | AG26: 0 | AH26: 0.0067990958 | AI26: 0.0057639572
A27: ICICI Bank Ltd. | B27: 50.6 | C27: 40.2 | D27: 47.7 | E27: 80.7 | F27: 86.8 | G27: 77.7 | H27: 79.2 | I27: 82.8 | J27: 80.3 | K27: 76.2 | M27: ICICI Bank Ltd. | N27: 16942.58 | O27: 25416.62 | P27: 32226.32 | Q27: 30905.85 | R27: 31723.58 | S27: 26363.69 | T27: 24835.81 | U27: 21935.88 | V27: 17933.5 | W27: 17933.5 | Y27: ICICI Bank Ltd. | Z27: 0.01739044 | AA27: 0.03153901 | AB27: 0.03386187 | AC27: 0.030589566 | AD27: 0.019334439 | AE27: 0.015542738 | AF27: 0.011953582 | AG27: 0.0098083564 | AH27: 0.0088325525 | AI27: 0.01004757
A28: IDFC First Bank | B28: 0 | C28: 0 | D28: 76 | E28: 55.9 | F28: 64.53 | G28: 56.23 | H28: 70 | I28: 80.29 | J28: 86.58 | K28: 90.51 | M28: IDFC First Bank | N28: 1919.26 | O28: 965.63 | P28: 887.89 | Q28: 1029.41 | R28: 1470.99 | S28: 2419.73 | T28: 2661.06 | U28: 2580.4 | V28: 2557.89 | W28: 3203.66 | Y28: IDFC First Bank | Z28: 0.030495961 | AA28: 0.0060413798 | AB28: 0.0038819502 | AC28: 0 | AD28: 0 | AE28: 0.02451191 | AF28: 0.03334184 | AG28: 0.019491763 | AH28: 0.018892557 | AI28: 0.029861386
A29: State Bank Of India | B29: 60.69 | C29: 65.95 | D29: 66.17 | E29: 78.73 | F29: 83.62 | G29: 87.75 | H29: 90.2 | I29: 91.91 | J29: 91.89 | K29: 92.08 | M29: State Bank Of India | N29: 54065.61 | O29: 112572.76 | P29: 106855.62 | Q29: 97220.55 | R29: 89387.69 | S29: 83866.05 | T29: 69269.53 | U29: 63033.64 | V29: 57021.67 | W29: 57021.67 | Y29: State Bank Of India | Z29: 0.017825801 | AA29: 0.018519674 | AB29: 0.045210766 | AC29: 0.023586125 | AD29: 0.017582135 | AE29: 0.0099745001 | AF29: 0.0044206844 | AG29: 0.0024812128 | AH29: 0.0022744704 | AI29: 0.0034699464
A30: AVERAGE | B30: =AVERAGE(B23:B28) -> 366.49333 | C30: =AVERAGE(C23:C28) -> 370.7 | D30: =AVERAGE(D23:D28) -> 385.19667 | E30: =AVERAGE(E23:E28) -> 391.44667 | F30: =AVERAGE(F23:F28) -> 398.07333 | G30: =AVERAGE(G23:G28) -> 393.09 | H30: =AVERAGE(H23:H28) -> 401.92167 | I30: =AVERAGE(I23:I28) -> 392.25333 | ... K30: =AVERAGE(K23:K28) -> 404.66667 | M30: AVERAGE | N30: =AVERAGE(N23:N28) -> 9627.6867 | O30: =AVERAGE(O23:O28) -> 13142.258 | P30: =AVERAGE(P23:P28) -> 14380.317 | Q30: =AVERAGE(Q23:Q28) -> 17133.71 | R30: =AVERAGE(R23:R28) -> 16540.112 | S30: =AVERAGE(S23:S28) -> 14715.497 | T30: =AVERAGE(T23:T28) -> 12217.788 | U30: =AVERAGE(U23:U28) -> 10576.897 | ... W30: =AVERAGE(W23:W28) -> 9326.21 | Y30: AVERAGE | Z30: =AVERAGE(Z24:Z29) -> 0.019550842 | AA30: =AVERAGE(AA24:AA29) -> 0.017555169 | AB30: =AVERAGE(AB24:AB29) -> 0.025616947 | AC30: =AVERAGE(AC24:AC29) -> 0.01599446 | AD30: =AVERAGE(AD24:AD29) -> 0.016932376 | AE30: =AVERAGE(AE24:AE29) -> 0.016043134 | AF30: =AVERAGE(AF24:AF29) -> 0.013405676 | AG30: =AVERAGE(AG24:AG29) -> 0.0086763341 | ... AI30: =AVERAGE(AI24:AI29) -> 0.013926925

Sheet Bank Rankings
A1: BANK RANKINGS BY GNPA % (Lower is Better - Healthier Asset Quality) | AJ1: RECOVERY TO GNPA( in %)
A2: YEAR-WISE GNPA % & RANKINGS | AJ2: Bank Name | AK2: 2016 | AL2: 2017 | AM2: 2018 | AN2: 2019 | AO2: 2020 | AP2: 2021 | AQ2: 2022 | AR2: 2023 | AS2: 2024 | AT2: 2025
A3: Rank | B3: Bank Name | C3: 2016 | D3: 2017 | E3: 2018 | F3: 2019 | G3: 2020 | H3: 2021 | I3: 2022 | J3: 2023 | K3: 2024 | L3: 2025 | M3: Average | AJ3: AU Small Finance Bank Ltd. | AK3: 0 | AL3: 0.20624849 | AM3: 0.20423371 | AN3: 0.48432382 | AO3: 1.271921 | AP3: 0.083921668 | AQ3: 1.9829075 | AR3: 1.0113624 | AS3: 0.83812025 | AT3: 0.63980251
A4: 1 | B4: AU Small Finance Bank Ltd. | C4: 0 | D4: 0 | E4: 2.01 | F4: 2.04 | G4: 1.7 | H4: 4.25 | I4: 1.98 | J4: 1.66 | K4: 1.67 | L4: 2.28 | M4: =AVERAGE(C4:L4) -> 1.759 | AJ4: ICICI Bank Ltd. | AK4: 0.10026029 | AL4: 0.12847814 | AM4: 0.17252947 | AN4: 0.14456091 | AO4: 0.18851975 | AP4: 0.15986858 | AQ4: 0.50126926 | AR4: 0.57016575 | AS4: 0.56647923 | AT4: 0.58652814
A5: 2 | B5: IDFC First Bank | C5: 6.16 | D5: 2.99 | E5: 3.31 | F5: 2.43 | G5: 2.6 | H5: 4.15 | I5: 3.7 | J5: 2.51 | K5: 1.88 | L5: 1.87 | M5: =AVERAGE(C5:L5) -> 3.16 | AJ5: IDFC First Bank | AK5: 0.027188307 | AL5: 0.062311134 | AM5: 0.0094432422 | AN5: 0.13712758 | AO5: 0.45611872 | AP5: 0.21643919 | AQ5: 0.71248095 | AR5: 0.59994336 | AS5: 0.65626782 | AT5: 0.5592749
A6: 3 | B6: Axis Bank Ltd. | C6: 1.75 | D6: 5.04 | E6: 6.77 | F6: 5.26 | G6: 5.07 | H6: 3.94 | I6: 2.98 | J6: 2.12 | K6: 1.51 | L6: 1.36 | M6: =AVERAGE(C6:L6) -> 3.58 | AJ6: Axis Bank Ltd. | AK6: 0.3358861 | AL6: 0.20519885 | AM6: 0.25586388 | AN6: 0.30550558 | AO6: 0.30764753 | AP6: 0.3262687 | AQ6: 0.65759278 | AR6: 0.56813692 | AS6: 0.59778464 | AT6: 0.54725553
A7: 4 | B7: ICICI Bank Ltd. | C7: 5.82 | D7: 7.89 | E7: 8.84 | F7: 6.7 | G7: 5.53 | H7: 4.96 | I7: 3.6 | J7: 2.81 | K7: 2.16 | L7: 1.67 | M7: =AVERAGE(C7:L7) -> 4.998 | AJ7: Bank Of Baroda | AK7: 0.049718122 | AL7: 0.15446163 | AM7: 0.096360364 | AN7: 0.18160665 | AO7: 0.97968462 | AP7: 0.10934366 | AQ7: 0.15627532 | AR7: 0.27470766 | AS7: 0.1485627 | AT7: 0.15520311
A8: 5 | B8: State Bank Of India | C8: 6.4 | D8: 9.04 | E8: 10.85 | F8: 7.43 | G8: 6.07 | H8: 4.94 | I8: 3.92 | J8: 2.75 | K8: 2.23 | L8: 1.82 | M8: =AVERAGE(C8:L8) -> 5.545 | AJ8: State Bank Of India | AK8: 0.044708718 | AL8: 0.0079620455 | AM8: 0.040387874 | AN8: 0.14188086 | AO8: 0.14167387 | AP8: 0.13342995 | AQ8: 0.17604059 | AR8: 0.16996962 | AS8: 0.12823268 | AT8: 0.10282218
A9: 6 | B9: Bank Of Baroda | C9: 9.99 | D9: 10.38 | E9: 12.1 | F9: 9.74 | G9: 9.49 | H9: 8.83 | I9: 6.6 | J9: 3.83 | K9: 2.96 | L9: 2.32 | M9: =AVERAGE(C9:L9) -> 7.624 | AJ9: AVERAGE | AK9: =AVERAGE(AK3:AK8) -> 0.092960255 | AL9: =AVERAGE(AL3:AL8) -> 0.12744338 | AM9: =AVERAGE(AM3:AM8) -> 0.12980309 | AN9: =AVERAGE(AN3:AN8) -> 0.2325009 | AO9: =AVERAGE(AO3:AO8) -> 0.55759425 | AP9: =AVERAGE(AP3:AP8) -> 0.17154529 | AQ9: =AVERAGE(AQ3:AQ8) -> 0.69776106 | AR9: =AVERAGE(AR3:AR8) -> 0.53238095 | ... AT9: =AVERAGE(AT3:AT8) -> 0.43181439
A11: BANK RANKINGS BY NNPA % (Lower is Better - Better Net Asset Quality After Provisions) | AJ11: WRITE-OFF TO GNPA (in %)
A12: YEAR-WISE NNPA % & RANKINGS | AJ12: Bank Name | AK12: 2016 | AL12: 2017 | AM12: 2018 | AN12: 2019 | AO12: 2020 | AP12: 2021 | AQ12: 2022 | AR12: 2023 | AS12: 2024 | AT12: 2025
A13: Rank | B13: Bank Name | C13: 2016 | D13: 2017 | E13: 2018 | F13: 2019 | G13: 2020 | H13: 2021 | I13: 2022 | J13: 2023 | K13: 2024 | L13: 2025 | M13: Average | AJ13: AU Small Finance Bank Ltd. | AK13: 0 | AL13: 0.22825476 | AM13: 0.021984133 | AN13: 0.04175352 | AO13: 0.10295338 | AP13: 0.076262784 | AQ13: 0.20295766 | AR13: 0.19411807 | AS13: 0.32730726 | AT13: 0.4728122
A14: 1 | B14: AU Small Finance Bank Ltd. | C14: 0.38 | D14: 1.05 | E14: 1.3 | F14: 1.29 | G14: 0.81 | H14: 2.2 | I14: 0.5 | J14: 0.42 | K14: 0.55 | L14: 0.74 | M14: =AVERAGE(C14:L14) -> 0.924 | AJ14: Axis Bank Ltd. | AK14: 0.54579459 | AL14: 0.10441917 | AM14: 0.34126465 | AN14: 0.30336992 | AO14: 0.33635412 | AP14: 0.54932759 | AQ14: 0.42397279 | AR14: 0.39202751 | AS14: 0.58602761 | AT14: 0.78218921
A15: 2 | B15: IDFC First Bank | C15: 2.39 | D15: 1.14 | E15: 1.69 | F15: 1.27 | G15: 0.94 | H15: 1.86 | I15: 1.53 | J15: 0.86 | K15: 0.6 | L15: 0.53 | M15: =AVERAGE(C15:L15) -> 1.281 | AJ15: Bank Of Baroda | AK15: 0.038354149 | AL15: 0.10570476 | AM15: 0.087609007 | AN15: 0.27163778 | AO15: 0.22896703 | AP15: 0.23136765 | AQ15: 0.34071392 | AR15: 0.49904716 | AS15: 0.33039933 | AT15: 0.32262938
A16: 3 | B16: Axis Bank Ltd. | C16: 0.7 | D16: 2.11 | E16: 3.4 | F16: 2.06 | G16: 1.63 | H16: 1.14 | I16: 0.77 | J16: 0.42 | K16: 0.33 | L16: 0.35 | M16: =AVERAGE(C16:L16) -> 1.291 | AJ16: ICICI Bank Ltd. | AK16: 0.11270782 | AL16: 0.28918611 | AM16: 0.15718692 | AN16: 0.2530239 | AO16: 0.26823669 | AP16: 0.23276933 | AQ16: 0.30478493 | AR16: 0.15077668 | AS16: 0.22692683 | AT16: 0.43340121
A17: 4 | B17: ICICI Bank Ltd. | C17: 2.98 | D17: 4.89 | E17: 4.77 | F17: 2.06 | G17: 1.41 | H17: 1.14 | I17: 0.76 | J17: 0.48 | K17: 0.42 | L17: 0.39 | M17: =AVERAGE(C17:L17) -> 1.93 | AJ17: IDFC First Bank | AK17: 0 | AL17: 6.4846638e-06 | AM17: 0.560878 | AN17: 0.14814797 | AO17: 0.66250943 | AP17: 0.6209537 | AQ17: 0.20570447 | AR17: 0.35684074 | AS17: 0.80240482 | AT17: 1.0961728
A18: 5 | B18: State Bank Of India | C18: 3.81 | D18: 3.71 | E18: 5.69 | F18: 2.97 | G18: 2.2 | H18: 1.48 | I18: 1 | J18: 0.66 | K18: 0.56 | L18: 0.47 | M18: =AVERAGE(C18:L18) -> 2.255 | AJ18: State Bank Of India | AK18: 0 | AL18: 0 | AM18: 0.2405984 | AN18: 0.5126178 | AO18: 0.49288268 | AP18: 0.27219295 | AQ18: 0.17555462 | AR18: 0.30018076 | AS18: 0.19176642 | AT18: 0.26416047
A19: 6 | B19: Bank Of Baroda | C19: 3.1 | D19: 4.68 | E19: 5.4 | F19: 3.4 | G19: 3.17 | H19: 3.08 | I19: 1.73 | J19: 0.92 | K19: 0.69 | L19: 0.61 | M19: =AVERAGE(C19:L19) -> 2.678 | AJ19: AVERAGE | AK19: =AVERAGE(AK13:AK18) -> 0.11614276 | AL19: =AVERAGE(AL13:AL18) -> 0.12126188 | AM19: =AVERAGE(AM13:AM18) -> 0.23492018 | AN19: =AVERAGE(AN13:AN18) -> 0.25509182 | AO19: =AVERAGE(AO13:AO18) -> 0.34865056 | AP19: =AVERAGE(AP13:AP18) -> 0.330479 | AQ19: =AVERAGE(AQ13:AQ18) -> 0.27561473 | AR19: =AVERAGE(AR13:AR18) -> 0.31549848 | ... AT19: =AVERAGE(AT13:AT18) -> 0.56189422
A21: BANK RANKINGS BY PCR % (Higher is Better - Better Coverage & Loss Absorption) | AJ21: SLIPPAGE RATIO
A22: YEAR-WISE PCR % & RANKINGS | AJ22: Bank Name | AK22: 2016 | AL22: 2017 | AM22: 2018 | AN22: 2019 | AO22: 2020 | AP22: 2021 | AQ22: 2022 | AR22: 2023 | AS22: 2024 | AT22: 2025
A23: Rank | B23: Bank Name | C23: 2016 | D23: 2017 | E23: 2018 | F23: 2019 | G23: 2020 | H23: 2021 | I23: 2022 | J23: 2023 | K23: 2024 | L23: 2025 | M23: Average | AJ23: AU Small Finance Bank Ltd. | AK23: 0.006041881 | AL23: 0.0053642805 | AM23: 0.0057505391 | AN23: 0.0079422297 | AO23: 0.019693484 | AP23: 0.01327707 | AQ23: 0.011696544 | AR23: 0.013189517 | AS23: 0.022756126 | AT23: 0.022756126
A24: 1 | B24: State Bank Of India | C24: 60.69 | D24: 65.95 | E24: 66.17 | F24: 78.73 | G24: 83.62 | H24: 87.75 | I24: 90.2 | J24: 91.91 | K24: 91.89 | L24: 92.08 | M24: =AVERAGE(C24:L24) -> 80.899 | AJ24: Axis Bank Ltd. | AK24: 0.0077615328 | AL24: 0.024072404 | AM24: 0.034568998 | AN24: 0.017459517 | AO24: 0.019630726 | AP24: 0.01597258 | AQ24: 0.0090962548 | AR24: 0.0070871558 | AS24: 0.0061212343 | AT24: 0.011662565
A25: 2 | B25: Bank Of Baroda | C25: 60.09 | D25: 66.83 | E25: 67.21 | F25: 78.68 | G25: 81.33 | H25: 81.8 | I25: 88.71 | J25: 92.43 | K25: 93.3 | L25: 93.29 | M25: =AVERAGE(C25:L25) -> 80.367 | AJ25: Bank Of Baroda | AK25: 0.037789437 | AL25: 0.019794268 | AM25: 0.030427559 | AN25: 0.016389321 | AO25: 0.025353472 | AP25: 0.016980006 | AQ25: 0.0099251511 | AR25: 0 | AS25: 0.0067990958 | AT25: 0.0057639572
A26: 3 | B26: Axis Bank Ltd. | C26: 72.27 | D26: 64.79 | E26: 65.05 | F26: 77 | G26: 83 | H26: 72 | I26: 75 | J26: 0 | K26: 79 | L26: 75 | M26: =AVERAGE(C26:I26,K26:L26) -> 73.678889 | AJ26: ICICI Bank Ltd. | AK26: 0.01739044 | AL26: 0.03153901 | AM26: 0.03386187 | AN26: 0.030589566 | AO26: 0.019334439 | AP26: 0.015542738 | AQ26: 0.011953582 | AR26: 0.0098083564 | AS26: 0.0088325525 | AT26: 0.01004757
A27: 4 | B27: IDFC First Bank | C27: 0 | D27: 0 | E27: 76 | F27: 55.9 | G27: 64.53 | H27: 56.23 | I27: 70 | J27: 80.29 | K27: 86.58 | L27: 90.51 | M27: =AVERAGE(E27:L27) -> 72.505 | AJ27: IDFC First Bank | AK27: 0.030495961 | AL27: 0.0060413798 | AM27: 0.0038819502 | AN27: 0 | AO27: 0 | AP27: 0.02451191 | AQ27: 0.03334184 | AR27: 0.019491763 | AS27: 0.018892557 | AT27: 0.029861386
A28: 5 | B28: ICICI Bank Ltd. | C28: 50.6 | D28: 40.2 | E28: 47.7 | F28: 80.7 | G28: 86.8 | H28: 77.7 | I28: 79.2 | J28: 82.8 | K28: 80.3 | L28: 76.2 | M28: =AVERAGE(C28:L28) -> 70.22 | AJ28: State Bank Of India | AK28: 0.017825801 | AL28: 0.018519674 | AM28: 0.045210766 | AN28: 0.023586125 | AO28: 0.017582135 | AP28: 0.0099745001 | AQ28: 0.0044206844 | AR28: 0.0024812128 | AS28: 0.0022744704 | AT28: 0.0034699464
A29: 6 | B29: AU Small Finance Bank Ltd. | C29: 0 | D29: 35.38 | E29: 37.22 | F29: 37.4 | G29: 52.78 | H29: 49.81 | I29: 76.62 | J29: 75 | K29: 68 | L29: 68 | M29: =AVERAGE(D29:L29) -> 55.578889 | AJ29: AVERAGE | AK29: =AVERAGE(AK23:AK28) -> 0.019550842 | AL29: =AVERAGE(AL23:AL28) -> 0.017555169 | AM29: =AVERAGE(AM23:AM28) -> 0.025616947 | AN29: =AVERAGE(AN23:AN28) -> 0.01599446 | AO29: =AVERAGE(AO23:AO28) -> 0.016932376 | AP29: =AVERAGE(AP23:AP28) -> 0.016043134 | AQ29: =AVERAGE(AQ23:AQ28) -> 0.013405676 | AR29: =AVERAGE(AR23:AR28) -> 0.0086763341 | ... AT29: =AVERAGE(AT23:AT28) -> 0.013926925
A31: OVERALL COMPOSITE RANKING (2016-2025) - ALL YEARS COMBINED | AJ31: TOTAL WRITE-OFFS
A32: Overall Rank | B32: Bank Name | C32: Avg GNPA % (2016-2025) | D32: GNPA Rank | E32: Avg NNPA % (2016-2025) | F32: NNPA Rank | G32: Avg PCR % (2016-2025) | H32: PCR Rank | I32: Composite Score | J32: Performance Status | K32: Overall Assessment | AJ32: Bank Name | AK32: 2016 | AL32: 2017 | AM32: 2018 | AN32: 2019 | AO32: 2020 | AP32: 2021 | AQ32: 2022 | AR32: 2023 | AS32: 2024 | AT32: 2025
A33: 1 | B33: AU Small Finance Bank Ltd. | C33: 1.759 | D33: 1 | E33: 0.924 | F33: 1 | G33: 55.578889 | H33: 6 | I33: =H33+F33+D33 -> 8 | J33: 🟢 EXCELLENT | K33: Top performer, strong credit quality across all metrics | AJ33: AU Small Finance Bank Ltd. | AK33: 0 | AL33: 28.42 | AM33: 5.93 | AN33: 19.63 | AO33: 47.13 | AP33: 114.61 | AQ33: 187.61 | AR33: 190.49 | AS33: 405.01 | AT33: 1171.17
A34: 1 | B34: IDFC First Bank | C34: 3.16 | D34: 2 | E34: 1.281 | F34: 2 | G34: 72.505 | H34: 4 | I34: =H34+F34+D34 -> 8 | J34: 🟢 EXCELLENT | K34: Top performer, strong credit quality across all metrics | AJ34: Axis Bank Ltd. | AK34: 3322.53 | AL34: 2222.09 | AM34: 11687.85 | AN34: 9037.22 | AO34: 10169.27 | AP34: 13906.14 | AQ34: 9252.07 | AR34: 7293.37 | AS34: 8864.91 | AT34: 11832.27
A35: 3 | B35: Axis Bank Ltd. | C35: 3.58 | D35: 3 | E35: 1.291 | F35: 3 | G35: 73.678889 | H35: 3 | I35: =H35+F35+D35 -> 9 | J35: 🟢 STRONG | K35: Good credit quality, stable performance | AJ35: Bank Of Baroda | AK35: 1554.15 | AL35: 4515.57 | AM35: 4948.19 | AN35: 13101.84 | AO35: 15886.06 | AP35: 15425.51 | AQ35: 18418.79 | AR35: 18346.82 | AS35: 10517.81 | AT35: 8980.35
A36: 4 | B36: State Bank Of India | C36: 5.545 | D36: 5 | E36: 2.255 | F36: 5 | G36: 80.899 | H36: 1 | I36: =H36+F36+D36 -> 11 | J36: 🟡 SATISFACTORY | K36: Adequate credit quality, monitor trends | AJ36: ICICI Bank Ltd. | AK36: 2955.34 | AL36: 12191.91 | AM36: 8368.66 | AN36: 11557.13 | AO36: 10951.86 | AP36: 9506.63 | AQ36: 10147.79 | AR36: 4521.2 | AS36: 6198.25 | AT36: 10194.94
A37: 5 | B37: ICICI Bank Ltd. | C37: 4.998 | D37: 4 | E37: 1.93 | F37: 4 | G37: 70.22 | H37: 5 | I37: =H37+F37+D37 -> 13 | J37: 🟠 FAIR | K37: Moderate credit quality, improvement needed | AJ37: IDFC First Bank | AK37: 0 | AL37: 0.01 | AM37: 997.83 | AN37: 316.45 | AO37: 1510.23 | AP37: 2671.97 | AQ37: 919.32 | AR37: 1386.13 | AS37: 2983.63 | AT37: 4859.97
A38: 6 | B38: Bank Of Baroda | C38: 7.624 | D38: 6 | E38: 2.678 | F38: 6 | G38: 80.367 | H38: 2 | I38: =H38+F38+D38 -> 14 | J38: 🟠 FAIR | K38: Moderate credit quality, improvement needed | AJ38: State Bank Of India | AK38: 0 | AL38: 0 | AM38: 53756.29 | AN38: 88554.91 | AO38: 73484.79 | AP38: 34402.2 | AQ38: 19666.22 | AR38: 27294.77 | AS38: 16161.37 | AT38: 20308.71
AJ40: TOTAL RECOVERIES & UPGRADATIONS
AJ41: Bank Name | AK41: 2016 | AL41: 2017 | AM41: 2018 | AN41: 2019 | AO41: 2020 | AP41: 2021 | AQ41: 2022 | AR41: 2023 | AS41: 2024 | AT41: 2025
AJ42: AU Small Finance Bank Ltd. | AK42: 0 | AL42: 25.68 | AM42: 55.09 | AN42: 227.7 | AO42: 582.26 | AP42: 126.12 | AQ42: 1832.96 | AR42: 992.46 | AS42: 1037.09 | AT42: 1584.81
AJ43: Axis Bank Ltd. | AK43: 2044.71 | AL43: 4366.73 | AM43: 8762.99 | AN43: 9100.84 | AO43: 9301.36 | AP43: 8259.44 | AQ43: 14350.2 | AR43: 10569.75 | AS43: 9042.76 | AT43: 8278.4
AJ44: Bank Of Baroda | AK44: 2014.63 | AL44: 6598.4 | AM44: 5442.47 | AN44: 8759.39 | AO44: 67971.92 | AP44: 7290.05 | AQ44: 8448.15 | AR44: 10099.27 | AS44: 4729.29 | AT44: 4320.06
AJ45: ICICI Bank Ltd. | AK45: 2628.95 | AL45: 5416.56 | AM45: 9185.5 | AN45: 6602.97 | AO45: 7697.09 | AP45: 6529.26 | AQ45: 16689.72 | AR45: 17097.03 | AS45: 15472.74 | AT45: 13796.96
AJ46: IDFC First Bank | AK46: 83.15 | AL46: 96.09 | AM46: 16.8 | AN46: 292.91 | AO46: 1039.75 | AP46: 931.34 | AQ46: 3184.17 | AR46: 2330.45 | AS46: 2440.24 | AT46: 2479.59
AJ47: State Bank Of India | AK47: 4389.18 | AL47: 894.48 | AM47: 9023.76 | AN47: 24509.97 | AO47: 21122.42 | AP47: 16864.08 | AQ47: 19720.66 | AR47: 15454.96 | AS47: 10806.98 | AT47: 7904.99

Sheet Visuals

Sheet Summary
A1: Axis Bank | E1: ICICI Bank | I1: IDFC Bank | M1: AU Small Finance Bank | Q1: State Bank of India | U1: Bank of Baroda
A2: Year | B2: Beta | C2: GNPA | D2: NNPA | E2: Year | F2: Beta | G2: GNPA | H2: NNPA | I2: Year | J2: Beta | K2: GNPA | L2: NNPA | M2: Year | N2: Beta | O2: GNPA | P2: NNPA | Q2: Year | R2: Beta | S2: GNPA | T2: NNPA | U2: Year | V2: Beta | W2: GNPA | X2: NNPA
A3: 2017 | B3: 1.1568597 | C3: 6.77 | D3: 3.4 | E3: 2017 | F3: 1.4800332 | G3: 8.84 | H3: 4.77 | I3: 2017 | J3: 1.2538287 | K3: 2.99 | L3: 1.14 | M3: 2017 | N3: 0.80926212 | O3: - | P3: 1.05 | Q3: 2017 | R3: 1.9259852 | S3: 9.04 | T3: 3.71 | U3: 2017 | V3: 1.9097415 | W3: 10.38 | X3: 4.68
A4: 2018 | B4: 1.2130022 | C4: 5.26 | D4: 2.06 | E4: 2018 | F4: 1.3088511 | G4: 6.7 | H4: 2.06 | I4: 2018 | J4: 1.2344109 | K4: 3.31 | L4: 1.69 | M4: 2018 | N4: 0.67821314 | O4: 2.01 | P4: 1.3 | Q4: 2018 | R4: 1.3865339 | S4: 10.85 | T4: 5.69 | U4: 2018 | V4: 1.6356699 | W4: 12.1 | X4: 5.4
A5: 2019 | B5: 1.4020724 | C5: 5.07 | D5: 1.63 | E5: 2019 | F5: 1.2470765 | G5: 5.53 | H5: 1.41 | I5: 2019 | J5: 1.2271764 | K5: 2.43 | L5: 1.27 | M5: 2019 | N5: 0.74974967 | O5: 2.04 | P5: 1.29 | Q5: 2019 | R5: 1.2251829 | S5: 7.43 | T5: 2.97 | U5: 2019 | V5: 1.1123203 | W5: 9.74 | X5: 3.4
A6: 2020 | B6: 1.7324954 | C6: 3.94 | D6: 1.14 | E6: 2020 | F6: 1.7382139 | G6: 4.96 | H6: 1.14 | I6: 2020 | J6: 1.1461979 | K6: 2.6 | L6: 0.94 | M6: 2020 | N6: 1.0603786 | O6: 1.7 | P6: 0.81 | Q6: 2020 | R6: 1.2740629 | S6: 6.07 | T6: 2.2 | U6: 2020 | V6: 1.055852 | W6: 9.49 | X6: 3.17
A7: 2021 | B7: 1.207997 | C7: 2.98 | D7: 0.77 | E7: 2021 | F7: 1.2676503 | G7: 3.6 | H7: 0.76 | I7: 2021 | J7: 1.4753193 | K7: 4.15 | L7: 1.86 | M7: 2021 | N7: 1.2797576 | O7: 4.25 | P7: 2.2 | Q7: 2021 | R7: 1.3038242 | S7: 4.94 | T7: 1.48 | U7: 2021 | V7: 1.3944531 | W7: 8.83 | X7: 3.08
A8: 2022 | B8: 0.99361416 | C8: 2.12 | D8: 0.42 | E8: 2022 | F8: 1.0045208 | G8: 2.81 | H8: 0.48 | I8: 2022 | J8: 1.3595071 | K8: 3.7 | L8: 1.53 | M8: 2022 | N8: 0.96607694 | O8: 1.98 | P8: 0.5 | Q8: 2022 | R8: 1.099305 | S8: 3.92 | T8: 1 | U8: 2022 | V8: 1.4135875 | W8: 6.6 | X8: 1.73
A9: 2023 | B9: 0.88634212 | C9: 1.51 | D9: 0.33 | E9: 2023 | F9: 0.84427543 | G9: 2.16 | H9: 0.42 | I9: 2023 | J9: 1.0751107 | K9: 2.51 | L9: 0.86 | M9: 2023 | N9: 0.47413034 | O9: 1.66 | P9: 0.42 | Q9: 2023 | R9: 1.0219208 | S9: 2.75 | T9: 0.66 | U9: 2023 | V9: 1.1970714 | W9: 3.83 | X9: 0.92
A10: 2024 | B10: 1.1135585 | C10: 1.36 | D10: 0.35 | E10: 2024 | F10: 1.0328773 | G10: 1.67 | H10: 0.39 | I10: 2024 | J10: 1.0061061 | K10: 1.88 | L10: 0.6 | M10: 2024 | N10: 0.55751426 | O10: 1.67 | P10: 0.55 | Q10: 2024 | R10: 1.4384613 | S10: 2.23 | T10: 0.56 | U10: 2024 | V10: 1.6259129 | W10: 2.96 | X10: 0.69

Sheet 2024-25
A1: Date | B1: Sensex Log return | C1: Axis Bank Log returns | D1: ICICI Bank Log returns | E1: IDFC Bank Log returns | F1: AU small finance Log returns | G1: SBI Log retuns | H1: Bank of Baroda Log returns | L1: Axis Bank | M1: ICICI Bank | N1: IDFC Bank Log returns | O1: AU small finance Log returns | P1: SBI Log retuns | Q1: Bank of Baroda Log returns
A2: 45748 | K2: Beta | L2: =SLOPE(C2:C251,$B$2:$B$251) -> 1.1135585 | M2: =SLOPE(D2:D251,$B$2:$B$251) -> 1.0328773 | N2: =SLOPE(E2:E251,$B$2:$B$251) -> 1.0061061 | O2: =SLOPE(F2:F251,$B$2:$B$251) -> 0.55751426 | P2: =SLOPE(G2:G251,$B$2:$B$251) -> 1.4384613 | Q2: =SLOPE(H2:H251,$B$2:$B$251) -> 1.6259129
A3: 45744 | B3: 0.018123739 | C3: 0.014993881 | D3: 0.022424818 | E3: -0.039423637 | F3: 0.0088304942 | G3: -0.00025920166 | H3: -0.00021876572 | K3: Mean | L3: =AVERAGE(C2:C251) -> -0.0001220668 | M3: =AVERAGE(D2:D251) -> -0.00072877453 | N3: =AVERAGE(E2:E251) -> 0.0012218821 | O3: =AVERAGE(F2:F251) -> 0.00042703584 | P3: =AVERAGE(G2:G251) -> -7.0348545e-05 | Q3: =AVERAGE(H2:H251) -> 0.00062018326
A4: 45743 | B4: 0.0024707577 | C4: -0.0033176571 | D4: -0.008715139 | E4: 0.035392434 | F4: 0.036367644 | G4: 0.0010364038 | H4: 0.010663634 | K4: STD dev | L4: =_xlfn.STDEV.S(C2:C251) -> 0.01534367 | M4: =_xlfn.STDEV.S(D2:D251) -> 0.0128908 | N4: =_xlfn.STDEV.S(E2:E251) -> 0.017673856 | O4: =_xlfn.STDEV.S(F2:F251) -> 0.019514721 | P4: =_xlfn.STDEV.S(G2:G251) -> 0.018088426 | Q4: =_xlfn.STDEV.S(H2:H251) -> 0.022381193
A5: 45742 | B5: -0.0041051111 | C5: -0.001913789 | D5: -0.00056126173 | E5: 0.001053186 | F5: 0.034307313 | G5: -0.010805286 | H5: -0.047159319 | K5: Alpha | L5: =0.05 -> 0.05 | M5: =0.05 -> 0.05 | N5: =0.05 -> 0.05 | O5: =0.05 -> 0.05 | P5: =0.05 -> 0.05 | Q5: =0.05 -> 0.05
A6: 45741 | B6: 0.0093840135 | C6: 0.020137939 | D6: 0.0058217809 | E6: 0.0061215757 | F6: -0.028014027 | G6: 0.011517191 | H6: 0.012313816 | K6: Z score | L6: =_xlfn.NORM.S.INV(L5) -> -1.6448536 | M6: =_xlfn.NORM.S.INV(M5) -> -1.6448536 | N6: =_xlfn.NORM.S.INV(N5) -> -1.6448536 | O6: =_xlfn.NORM.S.INV(O5) -> -1.6448536 | P6: =_xlfn.NORM.S.INV(P5) -> -1.6448536 | Q6: =_xlfn.NORM.S.INV(Q5) -> -1.6448536
A7: 45740 | B7: -0.0004206368 | C7: -0.018679482 | D7: 0.010696477 | E7: 0.0093718145 | F7: -0.014170552 | G7: 0.010234055 | H7: 0.0062564444 | K7: VaR | L7: =L3+(L4*L6) -> -0.025360158 | M7: =M3+(M4*M6) -> -0.021932253 | N7: =N3+(N4*N6) -> -0.027849024 | O7: =O3+(O4*O6) -> -0.031671823 | P7: =P3+(P4*P6) -> -0.029823162 | Q7: =Q3+(Q4*Q6) -> -0.036193604
A8: 45737 | B8: -0.013931025 | C8: -0.025554896 | D8: -0.011143105 | E8: -0.028027759 | F8: -0.013268255 | G8: -0.035988238 | H8: -0.035228159
A9: 45736 | B9: -0.0072749034 | C9: -0.014874362 | D9: -0.016061588 | E9: -0.010357235 | F9: -0.032866588 | G9: -0.0048577703 | H9: -0.0048571854
A10: 45735 | B10: -0.011845028 | C10: -0.0021838216 | D10: -0.0065280329 | E10: -0.0052191246 | F10: 0.0010465726 | G10: -0.0059545889 | H10: -0.0088028327
A11: 45734 | B11: -0.0019607263 | C11: -0.0064845504 | D11: -0.002478127 | E11: -0.014540423 | F11: -0.042344644 | G11: -0.011337684 | H11: -0.020894166
A12: 45733 | B12: -0.015137786 | C12: -0.010676258 | D12: -0.031683438 | E12: -0.032185831 | F12: -0.024504138 | G12: -0.018564084 | H12: -0.017346489
A13: 45729 | B13: -0.0046086923 | C13: -0.023431502 | D13: -0.015045638 | E13: 0.011093467 | F13: 0.022219785 | G13: 0.0064783135 | H13: -0.0010698829
A14: 45728 | B14: 0.0027167852 | C14: 0.00098941336 | D14: -0.0048917499 | E14: 0.02127543 | F14: 0.0086134882 | G14: -0.0066166069 | H14: -0.015297415
A15: 45727 | B15: 0.00097966633 | C15: 0.014188814 | D15: 0.0011649629 | E15: 0.013274129 | F15: 0.028953737 | G15: 0.0093606575 | H15: 0.00079020154
A16: 45726 | B16: 0.00017339384 | C16: 0.0098957878 | D16: -0.024836151 | E16: 0.018079791 | F16: 0.031578099 | G16: -0.0013024852 | H16: 0.0072309029
A17: 45723 | B17: 0.0029291135 | C17: 0.0017361953 | D17: -0.00024697456 | E17: 0.017061358 | F17: 0.010063326 | G17: 0.0052680312 | H17: 0.0091235722
A18: 45722 | B18: 0.00010102731 | C18: -0.0034270578 | D18: 0.0028775815 | E18: 0.0074711493 | F18: 0.016219034 | G18: -0.00095576195 | H18: 0.0061008275
A19: 45721 | B19: -0.008237484 | C19: -0.01918489 | D19: -0.0019311768 | E19: 0.00311096 | F19: -0.012276788 | G19: -0.0023249463 | H19: -0.0094088671
... A251: 45383 | B251: 0.0014959596 | C251: 0.0056182598 | D251: 0.016920412 | E251: -0.02106685 | F251: -0.0038104962 | G251: -0.010625141 | H251: -0.016913329

Sheet 2023-24
A1: Date | B1: Sensex Log return | C1: Axis Bank Log returns | D1: ICICI Bank Log returns | E1: IDFC Bank Log returns | F1: AU small finance Log returns | G1: SBI Log retuns | H1: Bank of Baroda Log returns | L1: Axis Bank | M1: ICICI Bank | N1: IDFC Bank Log returns | O1: AU small finance Log returns | P1: SBI Log retuns | Q1: Bank of Baroda Log returns
A2: 45379 | B2: -0.0049192228 | C2: -0.0056182598 | D2: -0.0057913019 | E2: -0.027470661 | F2: -0.042194504 | G2: -0.0078774445 | H2: -0.010173411 | K2: Beta | L2: =SLOPE(C2:C248,$B$2:$B$248) -> 0.88634212 | M2: =SLOPE(D2:D248,$B$2:$B$248) -> 0.84427543 | N2: =SLOPE(E2:E248,$B$2:$B$248) -> 1.0751107 | O2: =SLOPE(F2:F248,$B$2:$B$248) -> 0.47413034 | P2: =SLOPE(G2:G248,$B$2:$B$248) -> 1.0219208 | Q2: =SLOPE(H2:H248,$B$2:$B$248) -> 1.1970714
A3: 45378 | B3: -0.0089335808 | C3: 0.0053808372 | D3: -0.0087733963 | E3: 0.031334156 | F3: -0.006213957 | G3: -0.025646746 | H3: -0.020276135 | K3: Mean | L3: =AVERAGE(C2:C247) -> -0.00080173375 | M3: =AVERAGE(D2:D247) -> -0.00088827819 | N3: =AVERAGE(E2:E247) -> -0.0013536359 | O3: =AVERAGE(F2:F247) -> -0.00018738175 | P3: =AVERAGE(G2:G247) -> -0.0014811099 | Q3: =AVERAGE(H2:H247) -> -0.0018505303
A4: 45377 | B4: -0.0072320692 | C4: -0.011751353 | D4: -4.6137166e-05 | E4: -0.0012861738 | F4: 0.002667854 | G4: 0.0091628564 | H4: 0.010763125 | K4: STD dev | L4: =_xlfn.STDEV.S(C2:C247) -> 0.012334254 | M4: =_xlfn.STDEV.S(D2:D247) -> 0.0095993965 | N4: =_xlfn.STDEV.S(E2:E247) -> 0.016636039 | O4: =_xlfn.STDEV.S(F2:F247) -> 0.019631936 | P4: =_xlfn.STDEV.S(G2:G247) -> 0.012926372 | Q4: =_xlfn.STDEV.S(H2:H247) -> 0.01732507
A5: 45373 | B5: 0.0049777725 | C5: -0.0069918553 | D5: 0.0060717758 | E5: 0.0044943896 | F5: 0.0022177876 | G5: 0.0089457466 | H5: -0.0067133656 | K5: Alpha | L5: =0.05 -> 0.05 | M5: =0.05 -> 0.05 | N5: =0.05 -> 0.05 | O5: =0.05 -> 0.05 | P5: =0.05 -> 0.05 | Q5: =0.05 -> 0.05
A6: 45372 | B6: -0.0026224789 | C6: 0.0022234047 | D6: -0.0078265673 | E6: -0.0019236941 | F6: 0.0030083194 | G6: -0.0032193187 | H6: -0.015907222 | K6: Z score | L6: =_xlfn.NORM.S.INV(L5) -> -1.6448536 | M6: =_xlfn.NORM.S.INV(M5) -> -1.6448536 | N6: =_xlfn.NORM.S.INV(N5) -> -1.6448536 | O6: =_xlfn.NORM.S.INV(O5) -> -1.6448536 | P6: =_xlfn.NORM.S.INV(P5) -> -1.6448536 | Q6: =_xlfn.NORM.S.INV(Q5) -> -1.6448536
A7: 45371 | B7: -0.0074546326 | C7: -0.00082111725 | D7: 0.0024927308 | E7: -0.020097921 | F7: -0.010747539 | G7: -0.010874444 | H7: -0.023144145 | K7: VaR | L7: =L3+(L4*L6) -> -0.021089776 | M7: =M3+(M4*M6) -> -0.01667788 | N7: =N3+(N4*N6) -> -0.028717485 | O7: =O3+(O4*O6) -> -0.032479042 | P7: =P3+(P4*P6) -> -0.022743099 | Q7: =Q3+(Q4*Q6) -> -0.030347735
A8: 45370 | B8: -0.0012440176 | C8: 0.015391927 | D8: -0.00050727479 | E8: 0.0039215737 | F8: 0.00044640865 | G8: -0.017054624 | H8: -0.0030063155
A9: 45369 | B9: 0.010173721 | C9: 0.0099899039 | D9: -0.0025402411 | E9: 0.01681799 | F9: 0.017168563 | G9: 0.0098299468 | H9: 0.021446414
A10: 45366 | B10: -0.0014442353 | C10: -0.014185981 | D10: -0.00078647271 | E10: 0.0095755599 | F10: 0.014633133 | G10: 0.0012988346 | H10: -0.001966569
A11: 45365 | B11: 0.0062282044 | C11: 0.011260899 | D11: 0.0030037685 | E11: -0.0031816762 | F11: 0.0098090616 | G11: 0.012424207 | H11: 0.020265697
A12: 45364 | B12: -0.0045988276 | C12: 0.020714743 | D12: 0.00032294526 | E12: -0.012183543 | F12: -0.012146421 | G12: 0.0083317018 | H12: 0.0065372277
A13: 45363 | B13: 0.01237564 | C13: 0.015247838 | D13: -0.0065716638 | E13: 0.025479085 | F13: -0.0014744788 | G13: 0.016523817 | H13: 0.040193204
A14: 45362 | B14: -0.0022466453 | C14: 0.0073566473 | D14: 0.0017164997 | E14: 0.012500163 | F14: 0.014048927 | G14: 0.018260583 | H14: 0.021130112
A15: 45358 | B15: 0.0083558475 | C15: 0.0057296405 | D15: 0.0085385791 | E15: 0.0037197811 | F15: -0.022416448 | G15: 0.018377338 | H15: 0.015559645
A16: 45357 | B16: -0.00045072589 | C16: 0.012117567 | D16: 0.0083751433 | E16: 0.012300278 | F16: -0.0078204344 | G16: -0.0052800784 | H16: 0.0028353732
A17: 45356 | B17: -0.0055340066 | C17: -0.021745847 | D17: -0.0082832316 | E17: -0.0030609145 | F17: 0.0086953251 | G17: 6.3781612e-05 | H17: -0.015874765
A18: 45355 | B18: 0.0026453525 | C18: 0.0053906044 | D18: 0.0039442355 | E18: 0.0067216874 | F18: 0.01449867 | G18: -0.015295928 | H18: -0.017776634
A19: 45353 | B19: -0.00089573 | C19: -0.0091221218 | D19: -0.0070739845 | E19: 0.0054661539 | F19: -0.0036266338 | G19: 0.0016177568 | H19: -0.0049536841
... A247: 45019 | B247: -0.0098130561 | C247: 0.0047533566 | D247: -0.00090477274 | E247: 0.011770168 | F247: 0.0078487738 | G247: 0.0071445886 | H247: 0.013087635

Sheet 2022-23
A1: Date | B1: Sensex Log return | C1: Axis Bank Log returns | D1: ICICI Bank Log returns | E1: IDFC Bank Log returns | F1: AU small finance Log returns | G1: SBI Log retuns | H1: Bank of Baroda Log returns | L1: Axis Bank | M1: ICICI Bank | N1: IDFC Bank Log returns | O1: AU small finance Log returns | P1: SBI Log retuns | Q1: Bank of Baroda Log returns
A2: 45016 | B2: -0.0019461816 | C2: -0.0070802919 | D2: -0.0074387782 | E2: -0.0090416529 | F2: 0.028723516 | G2: -0.0057115814 | H2: -0.0020707003 | K2: Beta | L2: =SLOPE(C2:C251,$B$2:$B$251) -> 0.99361416 | M2: =SLOPE(D2:D251,$B$2:$B$251) -> 1.0045208 | N2: =SLOPE(E2:E251,$B$2:$B$251) -> 1.3595071 | O2: =SLOPE(F2:F251,$B$2:$B$251) -> 0.96607694 | P2: =SLOPE(G2:G251,$B$2:$B$251) -> 1.099305 | Q2: =SLOPE(H2:H251,$B$2:$B$251) -> 1.4135875
A3: 45014 | B3: -0.017639035 | C3: -0.018694331 | D3: -0.030379886 | E3: -0.010041161 | F3: 0.010903735 | G3: -0.013939183 | H3: -0.026404174 | K3: Mean | L3: =AVERAGE(C2:C250) -> -0.00044170585 | M3: =AVERAGE(D2:D250) -> -0.00073357855 | N3: =AVERAGE(E2:E250) -> -0.0011517365 | O3: =AVERAGE(F2:F250) -> 0.00053989047 | P3: =AVERAGE(G2:G250) -> -0.00014397985 | Q3: =AVERAGE(H2:H250) -> -0.0015160291
A4: 45013 | B4: -0.0059939365 | C4: -0.01211919 | D4: 0.0043968999 | E4: -0.032636929 | F4: -0.038295516 | G4: -0.01639701 | H4: -0.02275621 | K4: STD dev | L4: =_xlfn.STDEV.S(C2:C250) -> 0.015705056 | M4: =_xlfn.STDEV.S(D2:D250) -> 0.012775112 | N4: =_xlfn.STDEV.S(E2:E250) -> 0.022041298 | O4: =_xlfn.STDEV.S(F2:F250) -> 0.019041636 | P4: =_xlfn.STDEV.S(G2:G250) -> 0.015660227 | Q4: =_xlfn.STDEV.S(H2:H250) -> 0.023845255
A5: 45012 | B5: 0.00069646646 | C5: 0.001080562 | D5: -0.0071032615 | E5: 0.0056710927 | F5: 0.0059268606 | G5: 0.0040265215 | H5: 0.0031055926 | K5: Alpha | L5: =0.05 -> 0.05 | M5: =0.05 -> 0.05 | N5: =0.05 -> 0.05 | O5: =0.05 -> 0.05 | P5: =0.05 -> 0.05 | Q5: =0.05 -> 0.05
A6: 45009 | B6: -0.0022010591 | C6: 0.0078291151 | D6: 0.0043501332 | E6: 0.019599321 | F6: -0.012424725 | G6: -0.0094535416 | H6: -0.0090329223 | K6: Z score | L6: =_xlfn.NORM.S.INV(L5) -> -1.6448536 | M6: =_xlfn.NORM.S.INV(M5) -> -1.6448536 | N6: =_xlfn.NORM.S.INV(N5) -> -1.6448536 | O6: =_xlfn.NORM.S.INV(O5) -> -1.6448536 | P6: =_xlfn.NORM.S.INV(P5) -> -1.6448536 | Q6: =_xlfn.NORM.S.INV(Q5) -> -1.6448536
A7: 45008 | B7: 0.006897763 | C7: 0.01054075 | D7: 0.003571746 | E7: 0.01831553 | F7: 0.017263941 | G7: 0.014537138 | H7: 0.017984981 | K7: VaR | L7: =L3+(L4*L6) -> -0.026274224 | M7: =M3+(M4*M6) -> -0.021746768 | N7: =N3+(N4*N6) -> -0.037406445 | O7: =O3+(O4*O6) -> -0.030780814 | P7: =P3+(P4*P6) -> -0.02590276 | Q7: =Q3+(Q4*Q6) -> -0.040737983
A8: 45007 | B8: 0.0049821065 | C8: 0.0010009127 | D8: 0.0055372741 | E8: 0.017986096 | F8: 0.017057241 | G8: 0.01701675 | H8: 0.028478144
A9: 45006 | B9: -0.0024062421 | C9: 0.0069784772 | D9: -0.0091090201 | E9: -0.0071556656 | F9: 0.00025883267 | G9: 0.00057504314 | H9: -0.026329256
A10: 45005 | B10: -0.0077047229 | C10: -0.021322014 | D10: -0.018889154 | E10: -0.02545592 | F10: -0.0043226487 | G10: -0.0050910249 | H10: -0.026726264
A11: 45002 | B11: 0.0062438118 | C11: -0.00017910982 | D11: -0.00023913433 | E11: 0.016438726 | F11: 0.022530614 | G11: 0.020210411 | H11: 0.0081556286
A12: 45001 | B12: -0.0061416115 | C12: -0.0082137216 | D12: -0.014878448 | E12: 0.0027137059 | F12: -0.010645193 | G12: -0.010054149 | H12: -0.0018761732
A13: 45000 | B13: -0.0013705965 | C13: -0.0078569243 | D13: 0.0024245375 | E13: -0.01089929 | F13: -0.0013708021 | G13: -0.013339289 | H13: -0.0034488198
A14: 44999 | B14: 0.0059640166 | C14: 0.010622346 | D14: 0.0053735978 | E14: 0.00091282526 | F14: 0.012693445 | G14: 0.015053738 | H14: 0.019901154
A15: 44998 | B15: 0.0058148209 | C15: -0.00060052848 | D15: -0.0023511691 | E15: -0.00091282526 | F15: 0.0097717903 | G15: 0.0087171293 | H15: 0.009194058
A16: 44995 | B16: 0.015289677 | C16: 0.023216124 | D16: 0.017055558 | E16: 0.024358444 | F16: 0.045955914 | G16: 0.032211445 | H16: 0.023516308
A17: 44994 | B17: 0.011285508 | C17: 0.018492124 | D17: 0.015660275 | E17: 0.019418086 | F17: -0.0012016825 | G17: 0.020882115 | H17: 0.022101975
A18: 44993 | B18: 0.0090186262 | C18: -0.0079248426 | D18: 0.018692133 | E18: 0.0078363483 | F18: 0.011714682 | G18: 0.01050112 | H18: 0.01418053
A19: 44991 | B19: -0.0020507162 | C19: -0.0016856059 | D19: -0.0050004415 | E19: -0.0087108565 | F19: -0.010432938 | G19: -0.0055037866 | H19: -0.005185837
... A250: 44652 | B250: -0.022272461 | C250: -0.012254348 | D250: -0.013959832 | E250: -0.045702153 | F250: -0.016285324 | G250: -0.0082304991 | H250: -0.0008616976

Sheet 2021-22
A1: Date | B1: Sensex Log return | C1: Axis Bank Log returns | D1: ICICI Bank Log returns | E1: IDFC Bank Log returns | F1: AU small finance Log returns | G1: SBI Log retuns | H1: Bank of Baroda Log returns | L1: Axis Bank | M1: ICICI Bank | N1: IDFC Bank Log returns | O1: AU small finance Log returns | P1: SBI Log retuns | Q1: Bank of Baroda Log returns
A2: 44651 | B2: -0.012018963 | C2: -0.017451768 | D2: -0.0081143263 | E2: -0.049149941 | F2: -0.032601888 | G2: -0.0292509 | H2: -0.038669141 | K2: Beta | L2: =SLOPE(C2:C250,$B$2:$B$250) -> 1.207997 | M2: =SLOPE(D2:D250,$B$2:$B$250) -> 1.2676503 | N2: =SLOPE(E2:E250,$B$2:$B$250) -> 1.4753193 | O2: =SLOPE(F2:F250,$B$2:$B$250) -> 1.2797576 | P2: =SLOPE(G2:G250,$B$2:$B$250) -> 1.3038242 | Q2: =SLOPE(H2:H250,$B$2:$B$250) -> 1.3944531
A3: 44650 | B3: 0.0019697667 | C3: -0.014157421 | D3: 0.00082124286 | E3: -0.021643111 | F3: -0.035993855 | G3: 0.0015184494 | H3: 0.021277398 | K3: Mean | L3: =AVERAGE(C2:C249) -> -0.00033387417 | M3: =AVERAGE(D2:D249) -> -0.00086297275 | N3: =AVERAGE(E2:E249) -> 0.0012638183 | O3: =AVERAGE(F2:F249) -> -6.2044217e-05 | P3: =AVERAGE(G2:G249) -> -0.0012726486 | Q3: =AVERAGE(H2:H249) -> -0.0017263464
A4: 44649 | B4: -0.01269596 | C4: -0.017000241 | D4: -0.021574616 | E4: -0.024756965 | F4: 0.011133928 | G4: 0.0014151423 | H4: -0.021725528 | K4: STD dev | L4: =_xlfn.STDEV.S(C2:C249) -> 0.017812325 | M4: =_xlfn.STDEV.S(D2:D249) -> 0.017506653 | N4: =_xlfn.STDEV.S(E2:E249) -> 0.024782508 | O4: =_xlfn.STDEV.S(F2:F249) -> 0.028587841 | P4: =_xlfn.STDEV.S(G2:G249) -> 0.018650096 | Q4: =_xlfn.STDEV.S(H2:H249) -> 0.026365165
A5: 44648 | B5: -0.0060614461 | C5: -0.0024426664 | D5: -0.0069442288 | E5: 0.014407584 | F5: -0.00074061277 | G5: 0.005037794 | H5: 0.0035794222 | K5: Alpha | L5: =0.05 -> 0.05 | M5: =0.05 -> 0.05 | N5: =0.05 -> 0.05 | O5: =0.05 -> 0.05 | P5: =0.05 -> 0.05 | Q5: =0.05 -> 0.05
A6: 44645 | B6: -0.0040239907 | C6: -0.020244301 | D6: -0.015749474 | E6: 0.034508216 | F6: -0.0072374281 | G6: -0.013762614 | H6: -0.03130217 | K6: Z score | L6: =_xlfn.NORM.S.INV(L5) -> -1.6448536 | M6: =_xlfn.NORM.S.INV(M5) -> -1.6448536 | N6: =_xlfn.NORM.S.INV(N5) -> -1.6448536 | O6: =_xlfn.NORM.S.INV(O5) -> -1.6448536 | P6: =_xlfn.NORM.S.INV(P5) -> -1.6448536 | Q6: =_xlfn.NORM.S.INV(Q5) -> -1.6448536
A7: 44644 | B7: 0.0040620151 | C7: 0.0013855215 | D7: 0.0070540746 | E7: 0.0062617612 | F7: 0.028979008 | G7: -0.0073635023 | H7: -0.021896985 | K7: VaR | L7: =L3+(L4*L6) -> -0.029632542 | M7: =M3+(M4*M6) -> -0.029658855 | N7: =N3+(N4*N6) -> -0.039499779 | O7: =O3+(O4*O6) -> -0.047084858 | P7: =P3+(P4*P6) -> -0.031949327 | Q7: =Q3+(Q4*Q6) -> -0.045093184
A8: 44643 | B8: 0.0015464891 | C8: 0.0062112001 | D8: 0.019824902 | E8: 0.017327166 | F8: -0.0046019409 | G8: 0.0072616018 | H8: 0.00094161966
A9: 44642 | B9: 0.0052644568 | C9: 0.0063779663 | D9: -0.00013922729 | E9: -0.0036877731 | F9: -0.032653344 | G9: 0.0061970026 | H9: 0.0051631187
A10: 44641 | B10: -0.01208896 | C10: -0.0075482414 | D10: -0.010427331 | E10: 0.03032373 | F10: -0.015418492 | G10: -0.0062989134 | H10: -0.0028129414
A11: 44637 | B11: 0.0099246693 | C11: 0.018223894 | D11: 0.013069341 | E11: 0.020107123 | F11: -0.012267577 | G11: 0.022771765 | H11: 0.013523172
A12: 44636 | B12: -0.018264803 | C12: -0.02105197 | D12: -0.016945998 | E12: -0.016529302 | F12: 0.013184152 | G12: -0.018398951 | H12: -0.0023185728
A13: 44635 | B13: -0.018470508 | C13: -0.036150209 | D13: -0.015156657 | E13: -0.031441526 | F13: -0.0079545971 | G13: -0.014102012 | H13: -0.016854332
A14: 44634 | B14: 0.012634265 | C14: 0.016901411 | D14: -0.0017222824 | E14: 0.029057734 | F14: -0.042265961 | G14: -0.0014418128 | H14: 0.0093985654
A15: 44631 | B15: -0.016704257 | C15: -0.027412667 | D15: -0.02656537 | E15: 0.011862535 | F15: 0.062211089 | G15: -0.030981023 | H15: -0.023664143
A16: 44630 | B16: -0.0015477234 | C16: 0.005917177 | D16: -0.0019195281 | E16: -0.0023612762 | F16: -0.026292722 | G16: -0.0035141935 | H16: -0.024728533
A17: 44629 | B17: -0.014840836 | C17: -0.030313098 | D17: -0.013615775 | E17: -0.0059276996 | F17: -0.014736744 | G17: -0.036944662 | H17: -0.029897593
A18: 44628 | B18: -0.022638589 | C18: -0.0056522536 | D18: -0.0036774404 | E18: -0.03509132 | F18: -0.04169202 | G18: -0.02556193 | H18: -0.014264124
A19: 44627 | B19: -0.010941246 | C19: -0.0042602553 | D19: -0.017062025 | E19: -0.012391732 | F19: -0.030919051 | G19: 0 | H19: -0.048892786
... A249: 44287 | B249: 0.017552975 | C249: 0.039697685 | D249: 0.039725551 | E249: 0.049403849 | F249: 0.031568076 | G249: 0.047233303 | H249: 0.039114899

Sheet 2020-21
A1: Date | B1: Sensex Log return | C1: Axis Bank Log returns | D1: ICICI Bank Log returns | E1: IDFC Bank Log returns | F1: AU small finance Log returns | G1: SBI Log retuns | H1: Bank of Baroda Log returns | L1: Axis Bank | M1: ICICI Bank | N1: IDFC Bank Log returns | O1: AU small finance Log returns | P1: SBI Log retuns | Q1: Bank of Baroda Log returns
A2: 44286 | B2: -0.010461927 | C2: -0.022050594 | D2: -0.020910239 | E2: -0.023947929 | F2: -0.03210546 | G2: -0.017280517 | H2: -0.020040751 | K2: Beta | L2: =SLOPE(C2:C251,$B$2:$B$251) -> 1.7324954 | M2: =SLOPE(D2:D251,$B$2:$B$251) -> 1.7382139 | N2: =SLOPE(E2:E251,$B$2:$B$251) -> 1.1461979 | O2: =SLOPE(F2:F251,$B$2:$B$251) -> 1.0603786 | P2: =SLOPE(G2:G251,$B$2:$B$251) -> 1.2740629 | Q2: =SLOPE(H2:H251,$B$2:$B$251) -> 1.055852
A3: 44285 | B3: 0.01259338 | C3: -0.0030155106 | D3: 0.015934895 | E3: 0.044763946 | F3: 0.056261224 | G3: -0.0096539158 | H3: -0.025283205 | K3: Mean | L3: =AVERAGE(C2:C250) -> -0.0027595761 | M3: =AVERAGE(D2:D250) -> -0.0025995076 | N3: =AVERAGE(E2:E250) -> -0.0040909116 | O3: =AVERAGE(F2:F250) -> -0.0038895656 | P3: =AVERAGE(G2:G250) -> -0.0027572647 | Q3: =AVERAGE(H2:H250) -> -0.0015612075
A4: 44281 | B4: -0.022757129 | C4: 0.0040902787 | D4: -0.022052176 | E4: -0.0094869189 | F4: -0.097275309 | G4: -0.010027939 | H4: -0.02097979 | K4: STD dev | L4: =_xlfn.STDEV.S(C2:C250) -> 0.033303438 | M4: =_xlfn.STDEV.S(D2:D250) -> 0.029820854 | N4: =_xlfn.STDEV.S(E2:E250) -> 0.030924479 | O4: =_xlfn.STDEV.S(F2:F250) -> 0.031191694 | P4: =_xlfn.STDEV.S(G2:G250) -> 0.026216444 | Q4: =_xlfn.STDEV.S(H2:H250) -> 0.03214904
A5: 44280 | B5: -0.011665356 | C5: -0.0051694544 | D5: -0.012173005 | E5: -0.0087032751 | F5: -0.024045813 | G5: -0.0056148379 | H5: -0.0099432637 | K5: Alpha | L5: =0.05 -> 0.05 | M5: =0.05 -> 0.05 | N5: =0.05 -> 0.05 | O5: =0.05 -> 0.05 | P5: =0.05 -> 0.05 | Q5: =0.05 -> 0.05
A6: 44279 | B6: 0.015164944 | C6: 0.016845509 | D6: -0.0071112191 | E6: 0.026737255 | F6: 0.06323389 | G6: 0.013006267 | H6: 0.024675203 | K6: Z score | L6: =_xlfn.NORM.S.INV(L5) -> -1.6448536 | M6: =_xlfn.NORM.S.INV(M5) -> -1.6448536 | N6: =_xlfn.NORM.S.INV(N5) -> -1.6448536 | O6: =_xlfn.NORM.S.INV(O5) -> -1.6448536 | P6: =_xlfn.NORM.S.INV(P5) -> -1.6448536 | Q6: =_xlfn.NORM.S.INV(Q5) -> -1.6448536
A7: 44278 | B7: 0.017557936 | C7: 0.033616026 | D7: 0.032761401 | E7: 0.043304018 | F7: 0.015945945 | G7: 0.035086529 | H7: 0.033553302 | K7: VaR | L7: =L3+(L4*L6) -> -0.057538857 | M7: =M3+(M4*M6) -> -0.051650448 | N7: =N3+(N4*N6) -> -0.054957153 | O7: =O3+(O4*O6) -> -0.055195336 | P7: =P3+(P4*P6) -> -0.045879478 | Q7: =Q3+(Q4*Q6) -> -0.054441672
A8: 44277 | B8: -0.0056129648 | C8: -0.019838218 | D8: -0.022331402 | E8: -0.031459548 | F8: -0.018151378 | G8: -0.015411958 | H8: -0.024541109
A9: 44274 | B9: 0.0017454669 | C9: 0.013934851 | D9: 0.022757641 | E9: 0.015025324 | F9: -0.020771941 | G9: 0.011244446 | H9: 0.01710613
A10: 44273 | B10: -0.012954439 | C10: -0.010380716 | D10: -0.013816997 | E10: -0.015866721 | F10: -0.027817899 | G10: -0.010972003 | H10: -0.024031366
A11: 44272 | B11: 0.011818174 | C11: 0.012650084 | D11: 0.018663327 | E11: 0.024938948 | F11: 0.0042317409 | G11: 0.0028561733 | H11: 0.039514678
A12: 44271 | B12: 0.011228326 | C12: 0.013441338 | D12: 0.0092026484 | E12: 0.040230687 | F12: 0.050195961 | G12: 0.027857701 | H12: 0.052061203
A13: 44270 | B13: 0.00061771134 | C13: 0.0089735109 | D13: 0.014268672 | E13: 0.028762185 | F13: -0.034320458 | G13: 0.014033937 | H13: 0
A14: 44267 | B14: 0.0078468857 | C14: 0.0082943619 | D14: 0.015374167 | E14: 0.025720026 | F14: 0.054759549 | G14: -0.0073202941 | H14: -0.019206736
A15: 44265 | B15: 0.0095508203 | C15: 0.013431902 | D15: 0.020590981 | E15: -0.0014947686 | F15: -0.0017538829 | G15: 0.017170037 | H15: 0.033686058
A16: 44264 | B16: -0.0049661414 | C16: -0.020316726 | D16: -0.00079955229 | E16: -0.0029962569 | F16: -0.016654849 | G16: -0.00025796466 | H16: 0.0037429863
A17: 44263 | B17: -0.011519392 | C17: -0.0028883311 | D17: -0.027654522 | E17: 0.0089619719 | F17: 0.025235456 | G17: 0.0051466918 | H17: 0.011145626
A18: 44260 | B18: -0.00070899913 | C18: -0.017028328 | D18: 0.0022997957 | E18: -0.0067139379 | F18: -0.0026616407 | G18: -0.015389893 | H18: -0.0067964426
A19: 44259 | B19: 0.008706305 | C19: 0.0082450809 | D19: 0.018371513 | E19: 0.020741484 | F19: 0.0057737338 | G19: 0.030799303 | H19: 0.061900202
... A250: 43922 | B250: 0.024147437 | C250: 0.097138143 | D250: 0.082013152 | E250: 0.047213737 | F250: 0.033589267 | G250: 0.061060257 | H250: 0.051036588

Sheet 2019-2020
A1: Date | B1: Sensex Log return | C1: Axis Bank Log returns | D1: ICICI Bank Log returns | E1: IDFC Bank Log returns | F1: AU small finance Log returns | G1: SBI Log retuns | H1: Bank of Baroda Log returns | L1: Axis Bank Log returns | M1: ICICI Bank Log returns | N1: IDFC Bank Log returns | O1: AU small finance Log returns | P1: SBI Log retuns | Q1: Bank of Baroda Log returns
A2: 43921 | B2: 0.041686299 | C2: 0.055189223 | D2: 0.039696502 | E2: 0.023981965 | F2: 0.048655616 | G2: 0.053742718 | H2: 0.043900179 | K2: Beta | L2: =SLOPE(C2:C249,$B$2:$B$249) -> 1.4020724 | M2: =SLOPE(D2:D249,$B$2:$B$249) -> 1.2470765 | N2: =SLOPE(E2:E249,$B$2:$B$249) -> 1.2271764 | O2: =SLOPE(F2:F249,$B$2:$B$249) -> 0.74974967 | P2: =SLOPE(G2:G249,$B$2:$B$249) -> 1.2251829 | Q2: =SLOPE(H2:H249,$B$2:$B$249) -> 1.1123203
A3: 43920 | B3: -0.0355137 | C3: -0.029045741 | D3: -0.032491283 | E3: -0.0047506028 | F3: -0.019300142 | G3: -0.051868303 | H3: -0.020755462 | K3: Mean | L3: =AVERAGE(B2:B248) -> 0.0012900227 | M3: =AVERAGE(C2:C248) -> 0.0030700925 | N3: =AVERAGE(D2:D248) -> 0.00099920987 | O3: =AVERAGE(E2:E248) -> 0.0040415923 | P3: =AVERAGE(F2:F248) -> 0.00081773489 | Q3: =AVERAGE(G2:G248) -> 0.0022193471
A4: 43917 | B4: 0.047223554 | C4: -0.023081118 | D4: 0.081024014 | E4: 0.064538521 | F4: 0.050815068 | G4: 0.04728581 | H4: 0.035584279 | K4: STD dev | L4: =_xlfn.STDEV.S(B2:B248) -> 0.017930382 | M4: =_xlfn.STDEV.S(C2:C248) -> 0.030606545 | N4: =_xlfn.STDEV.S(D2:D248) -> 0.026171673 | O4: =_xlfn.STDEV.S(E2:E248) -> 0.03164304 | P4: =_xlfn.STDEV.S(F2:F248) -> 0.030172011 | Q4: =_xlfn.STDEV.S(G2:G248) -> 0.029176602
A5: 43916 | B5: 0.0043900613 | C5: -0.052354535 | D5: -0.0286544 | E5: -0.029447201 | F5: -0.048678961 | G5: -0.016465512 | H5: 0.029013821 | K5: Alpha | L5: =0.05 -> 0.05 | M5: =0.05 -> 0.05 | N5: =0.05 -> 0.05 | O5: =0.05 -> 0.05 | P5: =0.05 -> 0.05 | Q5: =0.05 -> 0.05
A6: 43915 | B6: -0.048262734 | C6: -0.043706447 | D6: -0.041263677 | E6: -0.061630875 | F6: -0.048800229 | G6: -0.014896395 | H6: 0.03942692 | K6: Z score | L6: =_xlfn.NORM.S.INV(L5) -> -1.6448536 | M6: =_xlfn.NORM.S.INV(M5) -> -1.6448536 | N6: =_xlfn.NORM.S.INV(N5) -> -1.6448536 | O6: =_xlfn.NORM.S.INV(O5) -> -1.6448536 | P6: =_xlfn.NORM.S.INV(P5) -> -1.6448536 | Q6: =_xlfn.NORM.S.INV(Q5) -> -1.6448536
A7: 43914 | B7: -0.067468306 | C7: -0.07512063 | D7: -0.066539048 | E7: -0.068294547 | F7: 0.10428194 | G7: -0.035919166 | H7: -0.049305761 | K7: VaR | L7: =L3+(L4*L6) -> -0.028202831 | M7: =M3+(M4*M6) -> -0.047273194 | N7: =N3+(N4*N6) -> -0.042049362 | O7: =O3+(O4*O6) -> -0.048006577 | P7: =P3+(P4*P6) -> -0.048810808 | Q7: =Q3+(Q4*Q6) -> -0.045771893
A8: 43913 | B8: -0.026315694 | C8: 0.017980216 | D8: -0.04307298 | E8: -0.051017774 | F8: 0.10528434 | G8: -0.0087719861 | H8: -0.02837719
A9: 43910 | B9: 0.14101738 | C9: 0.32726565 | D9: 0.19659711 | E9: 0.12662052 | F9: 0.10532623 | G9: 0.14458652 | H9: 0.16089272
A10: 43909 | B10: -0.0559463 | C10: 0.00023353573 | D10: -0.020899555 | E10: 0 | F10: -0.041484304 | G10: -0.029990156 | H10: -0.028871292
A11: 43908 | B11: 0.020340204 | C11: 0.10033917 | D11: 0.047586833 | E11: 0.14649314 | F11: 0.095184449 | G11: 0.055164994 | H11: 0.058468468
A12: 43907 | B12: 0.057530421 | C12: 0.030986051 | D12: 0.03378419 | E12: 0.057041938 | F12: 0.20913869 | G12: -0.000232369 | H12: 0.015232587
A13: 43906 | B13: 0.026175159 | C13: 0.040629491 | D13: 0.092645577 | E13: 0.05208506 | F13: 0.087400755 | G13: 0.037404589 | H13: -0.037740328
A14: 43903 | B14: 0.082907831 | C14: 0.11186703 | D14: 0.10431753 | E14: 0.11191792 | F14: 0.04578066 | G14: 0.080197678 | H14: 0.025572877
A15: 43902 | B15: -0.039637602 | C15: -0.045959259 | D15: -0.04938851 | E15: -0.076826596 | F15: -0.020771575 | G15: -0.12952526 | H15: -0.14286545
A16: 43901 | B16: 0.085316027 | C16: 0.13110092 | D16: 0.089816867 | E16: 0.18955486 | F16: 0.087341702 | G16: 0.14225382 | H16: 0.16181259
A17: 43899 | B17: -0.0017509592 | C17: 0.0067584134 | D17: -0.017111095 | E17: -0.0075358307 | F17: 0.032117149 | G17: 0.033500274 | H17: 0.040461569
A18: 43896 | B18: 0.053055151 | C18: 0.053243921 | D18: 0.060605346 | E18: 0.092417815 | F18: 0.064388001 | G18: 0.065105533 | H18: 0.034021708
A19: 43895 | B19: 0.023512525 | C19: 0.03032691 | D19: 0.03663931 | E19: 0.040546094 | F19: 0.035473253 | G19: 0.064422988 | H19: 0.026136288
... A248: 43556 | B248: -0.0047423035 | C248: -0.0023483377 | D248: 0.0027659057 | E248: 0.017140699 | F248: -0.035846132 | G248: -0.019179721 | H248: -0.0037608168

Sheet 2018-19
A1: Date | B1: Sensex Log return | C1: Axis Bank Log returns | D1: ICICI Bank Log returns | E1: IDFC Bank Log returns | F1: AU small finance Log returns | G1: SBI Log retuns | H1: Bank of Baroda Log returns | L1: Axis Bank Log returns | M1: ICICI Bank Log returns | N1: IDFC Bank Log returns | O1: AU small finance Log returns | P1: SBI Log retuns | Q1: Bank of Baroda Log returns
A2: 43553 | B2: -0.0051314979 | C2: 0.015102209 | D2: 0.0056338177 | E2: -0.0071813594 | F2: 0.010973352 | G2: -0.0062160262 | H2: -0.030995403 | K2: Beta | L2: =SLOPE(C2:C250,$B$2:$B$250) -> 1.2130022 | M2: =SLOPE(D2:D250,$B$2:$B$250) -> 1.3088511 | N2: =SLOPE(E2:E250,$B$2:$B$250) -> 1.2344109 | O2: =SLOPE(F2:F250,$B$2:$B$250) -> 0.67821314 | P2: =SLOPE(G2:G250,$B$2:$B$250) -> 1.3865339 | Q2: =SLOPE(H2:H250,$B$2:$B$250) -> 1.6356699
A3: 43552 | B3: -0.0032942857 | C3: 0.0044289042 | D3: 0.00012483615 | E3: -0.015433806 | F3: -0.012230295 | G3: -0.0054709007 | H3: 0.011207847 | K3: Mean | L3: =AVERAGE(B2:B249) -> -0.00062925361 | M3: =AVERAGE(C2:C249) -> -0.0017256191 | N3: =AVERAGE(D2:D249) -> -0.0016907586 | O3: =AVERAGE(E2:E249) -> -0.00061857088 | P3: =AVERAGE(F2:F249) -> 0.00034900381 | Q3: =AVERAGE(G2:G249) -> -0.0010924876
A4: 43551 | B4: -0.010768167 | C4: -0.027793997 | D4: -0.018520214 | E4: -0.017536213 | F4: -0.023769285 | G4: -0.032497285 | H4: -0.067977685 | K4: STD dev | L4: =_xlfn.STDEV.S(B2:B249) -> 0.0076388628 | M4: =_xlfn.STDEV.S(C2:C249) -> 0.018541162 | N4: =_xlfn.STDEV.S(D2:D249) -> 0.018691273 | O4: =_xlfn.STDEV.S(E2:E249) -> 0.022716804 | P4: =_xlfn.STDEV.S(F2:F249) -> 0.021208585 | Q4: =_xlfn.STDEV.S(G2:G249) -> 0.01852077
A5: 43550 | B5: 0.0026328386 | C5: -0.0029016111 | D5: 0.0022862959 | E5: -0.021647904 | F5: -0.03233391 | G5: -0.017312208 | H5: -0.0061894153 | K5: Alpha | L5: =0.05 -> 0.05 | M5: =0.05 -> 0.05 | N5: =0.05 -> 0.05 | O5: =0.05 -> 0.05 | P5: =0.05 -> 0.05 | Q5: =0.05 -> 0.05
A6: 43549 | B6: -0.011164952 | C6: -0.015171971 | D6: -0.027265063 | E6: -0.014374948 | F6: -0.0083038964 | G6: -0.031801843 | H6: -0.021758181 | K6: Z score | L6: =_xlfn.NORM.S.INV(L5) -> -1.6448536 | M6: =_xlfn.NORM.S.INV(M5) -> -1.6448536 | N6: =_xlfn.NORM.S.INV(N5) -> -1.6448536 | O6: =_xlfn.NORM.S.INV(O5) -> -1.6448536 | P6: =_xlfn.NORM.S.INV(P5) -> -1.6448536 | Q6: =_xlfn.NORM.S.INV(Q5) -> -1.6448536
A7: 43546 | B7: 0.0093638573 | C7: 0.015105927 | D7: 0.021411885 | E7: 0.019121041 | F7: 0.019992411 | G7: 0.01368149 | H7: 0.015946624 | K7: VaR | L7: =L3+(L4*L6) -> -0.013194065 | M7: =M3+(M4*M6) -> -0.032223117 | N7: =N3+(N4*N6) -> -0.032435167 | O7: =O3+(O4*O6) -> -0.037984389 | P7: =P3+(P4*P6) -> -0.034536014 | Q7: =Q3+(Q4*Q6) -> -0.031556443
A8: 43544 | B8: 0.0058037016 | C8: -0.0017186678 | D8: 0.0028036211 | E8: -0.0085592534 | F8: 0.012641858 | G8: 0.019108332 | H8: 0.04158773
A9: 43543 | B9: -0.00060664323 | C9: 0.0067913095 | D9: 0.013901399 | E9: 0.00381316 | F9: 0.015908991 | G9: -0.0024717818 | H9: -0.0064102784
A10: 43542 | B10: -0.0070208273 | C10: -0.012297676 | D10: -0.00087890018 | E10: -0.0057252065 | F10: 0.021186509 | G10: -0.013621473 | H10: -0.031437576
A11: 43539 | B11: -0.0018589224 | C11: -0.022197723 | D11: -0.0069326552 | E11: -0.0038350958 | F11: 0.032271596 | G11: -0.001841467 | H11: -0.020109601
A12: 43538 | B12: -0.0071109513 | C12: 0.0074541241 | D12: -0.018897396 | E12: -0.028253219 | F12: -0.032339223 | G12: -0.02202359 | H12: -0.013634638
A13: 43537 | B13: -7.2046243e-05 | C13: -0.0035168439 | D13: 0.010259131 | E13: -0.010929071 | F13: 0.025275539 | G13: 0.0042731456 | H13: -0.0086170288
A14: 43536 | B14: -0.005751543 | C14: 0.0061463839 | D14: -0.0094860345 | E14: -0.0040040094 | F14: -0.031210677 | G14: -0.0215507 | H14: -0.0017323521
A15: 43535 | B15: -0.012912408 | C15: -0.010900213 | D15: -0.032330543 | E15: 0.0050025117 | F15: -0.0079572846 | G15: 0.001567262 | H15: 0.0060501481
A16: 43532 | B16: -0.010381029 | C16: -0.00149874 | D16: -0.014066814 | E16: -0.023221639 | F16: 0.0020551472 | G16: -0.021634825 | H16: -0.021337626
A17: 43531 | B17: 0.0014711806 | C17: 0.00047711551 | D17: 0.00053951984 | E17: 0 | F17: -0.0065913933 | G17: 0.001953993 | H17: 0.013986242
A18: 43530 | B18: -0.0024350653 | C18: -0.018084173 | D18: 0.0030966029 | E18: 0.045916249 | F18: 0.014532406 | G18: -0.013039392 | H18: -0.027278418
A19: 43529 | B19: -0.0052973195 | C19: 0.015764619 | D19: -0.023668134 | E19: -0.0039100734 | F19: -0.013499633 | G19: -0.0059507885 | H19: 0.0040062373
... A249: 43192 | B249: -0.0034602147 | C249: -0.0049970122 | D249: -0.030835306 | E249: -0.016546396 | F249: 0.020699723 | G249: -0.017517814 | H249: -0.024022043

Sheet 2017-18
A1: Date | B1: Sensex Log return | C1: Axis Bank Log returns | D1: ICICI Bank Log returns | E1: IDFC Bank Log returns | F1: AU small finance Log returns | G1: SBI Log retuns | H1: Bank of Baroda Log returns | L1: Axis Bank | M1: ICICI Bank | N1: IDFC Bank Log returns | O1: AU small finance Log returns | P1: SBI Log retuns | Q1: Bank of Baroda Log returns
A2: 43187 | B2: -0.0086579372 | C2: 0.022684346 | D2: 0.061107494 | E2: -0.012591982 | F2: -0.038595714 | G2: 0.015119732 | H2: 0.0028149209 | K2: Beta | L2: =SLOPE(C2:C187,$B$2:$B$187) -> 1.1568597 | M2: =SLOPE(D2:D187,$B$2:$B$187) -> 1.4800332 | N2: =SLOPE(E2:E187,$B$2:$B$187) -> 1.2538287 | O2: =SLOPE(F2:F187,$B$2:$B$187) -> 0.80926212 | P2: =SLOPE(G2:G187,$B$2:$B$187) -> 1.9259852 | Q2: =SLOPE(H2:H187,$B$2:$B$187) -> 1.9097415
A3: 43186 | B3: 0.0062201728 | C3: 0.0033245362 | D3: 0.019742749 | E3: 0.029138378 | F3: 0.0075116816 | G3: 0.017650433 | H3: 0.009790288 | K3: Mean | L3: =AVERAGE(C2:C187) -> 0.00019362009 | M3: =AVERAGE(D2:D187) -> 0.00055175382 | N3: =AVERAGE(E2:E187) -> 0.0007080909 | O3: =AVERAGE(F2:F187) -> -0.00094727998 | P3: =AVERAGE(G2:G187) -> 0.00056940221 | Q3: =AVERAGE(H2:H187) -> 0.00070059634
A4: 43185 | B4: -0.0032602292 | C4: -0.0096126292 | D4: -0.0079568981 | E4: -0.025975486 | F4: -0.052824306 | G4: -0.031349278 | H4: -0.015428076 | K4: STD dev | L4: =_xlfn.STDEV.S(C2:C187) -> 0.017402661 | M4: =_xlfn.STDEV.S(D2:D187) -> 0.018306839 | N4: =_xlfn.STDEV.S(E2:E187) -> 0.02189608 | O4: =_xlfn.STDEV.S(F2:F187) -> 0.022929207 | P4: =_xlfn.STDEV.S(G2:G187) -> 0.025423843 | Q4: =_xlfn.STDEV.S(H2:H187) -> 0.029809782
A5: 43182 | B5: -0.014311816 | C5: -0.015494946 | D5: -0.021896065 | E5: 0.0052493559 | F5: -0.026001328 | G5: -0.048627906 | H5: -0.060447959 | K5: Alpha | L5: =0.05 -> 0.05 | M5: =0.05 -> 0.05 | N5: =0.05 -> 0.05 | O5: =0.05 -> 0.05 | P5: =0.05 -> 0.05 | Q5: =0.05 -> 0.05
A6: 43181 | B6: 0.012491396 | C6: 0.03675367 | D6: 0.0275608 | E6: 0.027879968 | F6: 0.0068574072 | G6: 0.028342403 | H6: 0.013052581 | K6: Z score | L6: =_xlfn.NORM.S.INV(L5) -> -1.6448536 | M6: =_xlfn.NORM.S.INV(M5) -> -1.6448536 | N6: =_xlfn.NORM.S.INV(N5) -> -1.6448536 | O6: =_xlfn.NORM.S.INV(O5) -> -1.6448536 | P6: =_xlfn.NORM.S.INV(P5) -> -1.6448536 | Q6: =_xlfn.NORM.S.INV(Q5) -> -1.6448536
A7: 43180 | B7: 0.0039281934 | C7: 0.015510124 | D7: 0.02078859 | E7: 0.0040650462 | F7: 0.0086601455 | G7: 0.026352255 | H7: 0.004805036 | K7: VaR | L7: =L3+(L4*L6) -> -0.028431209 | M7: =M3+(M4*M6) -> -0.029560317 | N7: =N3+(N4*N6) -> -0.035307756 | O7: =O3+(O4*O6) -> -0.038662468 | P7: =P3+(P4*P6) -> -0.041249097 | Q7: =Q3+(Q4*Q6) -> -0.048332132
A8: 43179 | B8: -0.004216362 | C8: -0.0099294304 | D8: 0.009635312 | E8: -0.0010147134 | F8: -0.0091089398 | G8: 0.0044256761 | H8: 0.0018419604
A9: 43178 | B9: -0.0022342283 | C9: -0.0031714024 | D9: 0.0086949657 | E9: 0.0020283983 | F9: 0.0027586224 | G9: -0.0046273093 | H9: -0.018574085
A10: 43175 | B10: 0.0076515764 | C10: 0.0060457936 | D10: 0.011980233 | E10: 0.017077261 | F10: 0.00051639557 | G10: 0.017391743 | H10: 0.075446195
A11: 43174 | B11: 0.015241942 | C11: 0.013400058 | D11: 0.011175164 | E11: 0.00099552024 | F11: 0.024814326 | G11: 0.005533611 | H11: -0.00034776561
A12: 43173 | B12: 0.0044489751 | C12: 0.012197562 | D12: 0.015144322 | E12: 0.00099453017 | F12: -0.025571797 | G12: 0.013118152 | H12: 0.013817146
A13: 43172 | B13: 0.00062163443 | C13: -0.0087107749 | D13: -0.0055701324 | E13: -0.0029865627 | F13: 0.0046391039 | G13: -0.0091842365 | H13: -0.029239814
A14: 43171 | B14: 0.0018048032 | C14: -0.023414032 | D14: -0.012231557 | E14: -0.0080080508 | F14: -0.0032623095 | G14: -0.0072899545 | H14: -0.0690938
A15: 43168 | B15: -0.01817229 | C15: -0.027037907 | D15: -0.026798604 | E15: 0.0040120415 | F15: 0.012102712 | G15: 0.0015807156 | H15: -0.004172204
A16: 43167 | B16: 0.0013330593 | C16: 0.029634686 | D16: 0.014415581 | E16: -0.010060447 | F16: -0.0052470308 | G16: 0.013920429 | H16: 0.021061328
A17: 43166 | B17: -0.0095950614 | C17: -0.015292594 | D17: -0.035127402 | E17: -0.011184662 | F17: -0.021686682 | G17: -0.040327244 | H17: -0.013111257
A18: 43165 | B18: 0.0085639938 | C18: 0.0091262769 | D18: 0.028708461 | E18: 0.025241118 | F18: 0.01840182 | G18: 0.03935325 | H18: 0.01978784
A19: 43164 | B19: 0.012811225 | C19: 0.013821124 | D19: 0.027742421 | E19: 0.013861608 | F19: 0.0055028764 | G19: 0.026729791 | H19: 0.02590913
... A181: 42926 | B181: -0.00099113299 | C181: 0.0061962332 | D181: 0.0061951669 | E181: 0.050325084 | F181: -0.046179254 | G181: 0.0070286707 | H181: 0.023995077
A182: 42923 | B182: -0.01125665 | C182: -0.013424345 | D182: -0.0060225597 | E182: -0.0076982674 | G182: -0.019270463 | H182: -0.036990309
A183: 42922 | B183: 0.00027769821 | C183: 0.012541516 | D183: 0.013883161 | E183: -0.021875872 | G183: 0.0032079871 | H183: 0.011457007
A184: 42921 | B184: -0.0039536967 | C184: 0.0085988413 | D184: -0.0030685329 | E184: -0.015121657 | G184: -0.021947274 | H184: -0.009901071
A185: 42920 | B185: -0.0011454584 | C185: -0.010760155 | D185: -0.011505236 | E185: -0.095871685 | G185: -0.0069356 | H185: -0.0090583159
A186: 42919 | B186: 0.00037897591 | C186: 0.017257777 | D186: 0.0018980249 | E186: -0.030468307 | G186: 0.0067536991 | H186: 0.01556694
A187: 42916 | B187: -0.0096555113 | C187: 0.00019331143 | D187: 0.00034470872 | E187: -0.0045599714 | G187: -0.0043755767 | H187: -0.0012364762
